Time (s),Signal (V),Peak Time (s) ,Sample #,Type
00.000,2.581982773,00.426,213,N
00.002,2.686214371,00.672,336,t
00.004,2.748753329,01.244,622,N
00.006,2.665368051,01.504,752,t
00.008,2.623675412,02.122,1061,N
00.010,2.561136454,02.378,1189,t
00.012,2.394365898,02.952,1476,N
00.014,2.498597495,03.196,1598,t
00.016,2.686214371,03.736,1868,N
00.018,2.665368051,03.976,1988,t
00.020,2.623675412,04.544,2272,N
00.022,2.769599649,04.778,2389,t
00.024,2.72790701,05.364,2682,N
00.026,2.602829093,05.630,2815,t
00.028,2.581982773,06.210,3105,N
00.030,2.581982773,06.456,3228,t
00.032,2.540290134,06.992,3496,N
00.034,2.561136454,07.232,3616,t
00.036,2.665368051,07.782,3891,N
00.038,2.602829093,08.032,4016,t
00.040,2.70706069,,,
00.042,2.769599649,,,
00.044,2.561136454,,,
00.046,2.561136454,,,
00.048,2.581982773,,,
00.050,2.70706069,,,
00.052,2.623675412,,,
00.054,2.70706069,,,
00.056,2.70706069,,,
00.058,2.70706069,,,
00.060,2.602829093,,,
00.062,2.748753329,,,
00.064,2.70706069,,,
00.066,2.623675412,,,
00.068,2.623675412,,,
00.070,2.581982773,,,
00.072,2.477751176,,,
00.074,2.540290134,,,
00.076,2.644521732,,,
00.078,2.665368051,,,
00.080,2.623675412,,,
00.082,2.748753329,,,
00.084,2.72790701,,,
00.086,2.70706069,,,
00.088,2.70706069,,,
00.090,2.665368051,,,
00.092,2.519443815,,,
00.094,2.540290134,,,
00.096,2.581982773,,,
00.098,2.498597495,,,
00.100,2.623675412,,,
00.102,2.686214371,,,
00.104,2.644521732,,,
00.106,2.644521732,,,
00.108,2.686214371,,,
00.110,2.602829093,,,
00.112,2.540290134,,,
00.114,2.540290134,,,
00.116,2.70706069,,,
00.118,2.70706069,,,
00.120,2.70706069,,,
00.122,2.644521732,,,
00.124,2.581982773,,,
00.126,2.686214371,,,
00.128,2.644521732,,,
00.130,2.644521732,,,
00.132,2.602829093,,,
00.134,2.581982773,,,
00.136,2.581982773,,,
00.138,2.644521732,,,
00.140,2.665368051,,,
00.142,2.665368051,,,
00.144,2.602829093,,,
00.146,2.581982773,,,
00.148,2.665368051,,,
00.150,2.623675412,,,
00.152,2.623675412,,,
00.154,2.623675412,,,
00.156,2.602829093,,,
00.158,2.498597495,,,
00.160,2.644521732,,,
00.162,2.602829093,,,
00.164,2.644521732,,,
00.166,2.561136454,,,
00.168,2.581982773,,,
00.170,2.540290134,,,
00.172,2.602829093,,,
00.174,2.623675412,,,
00.176,2.602829093,,,
00.178,2.540290134,,,
00.180,2.811292288,,,
00.182,2.72790701,,,
00.184,2.540290134,,,
00.186,2.540290134,,,
00.188,2.498597495,,,
00.190,2.477751176,,,
00.192,2.540290134,,,
00.194,2.581982773,,,
00.196,2.644521732,,,
00.198,2.644521732,,,
00.200,2.790445968,,,
00.202,2.769599649,,,
00.204,2.665368051,,,
00.206,2.623675412,,,
00.208,2.686214371,,,
00.210,2.519443815,,,
00.212,2.519443815,,,
00.214,2.561136454,,,
00.216,2.561136454,,,
00.218,2.581982773,,,
00.220,2.70706069,,,
00.222,2.790445968,,,
00.224,2.852984927,,,
00.226,2.790445968,,,
00.228,2.644521732,,,
00.230,2.477751176,,,
00.232,2.498597495,,,
00.234,2.561136454,,,
00.236,2.623675412,,,
00.238,2.561136454,,,
00.240,2.581982773,,,
00.242,2.581982773,,,
00.244,2.581982773,,,
00.246,2.540290134,,,
00.248,2.686214371,,,
00.250,2.602829093,,,
00.252,2.686214371,,,
00.254,2.70706069,,,
00.256,2.665368051,,,
00.258,2.623675412,,,
00.260,2.748753329,,,
00.262,2.70706069,,,
00.264,2.686214371,,,
00.266,2.70706069,,,
00.268,2.72790701,,,
00.270,2.665368051,,,
00.272,2.70706069,,,
00.274,2.769599649,,,
00.276,2.748753329,,,
00.278,2.811292288,,,
00.280,2.894677566,,,
00.282,2.769599649,,,
00.284,2.769599649,,,
00.286,2.72790701,,,
00.288,2.72790701,,,
00.290,2.665368051,,,
00.292,2.769599649,,,
00.294,2.790445968,,,
00.296,2.748753329,,,
00.298,2.769599649,,,
00.300,2.832138607,,,
00.302,2.852984927,,,
00.304,2.811292288,,,
00.306,2.72790701,,,
00.308,2.748753329,,,
00.310,2.644521732,,,
00.312,2.623675412,,,
00.314,2.644521732,,,
00.316,2.644521732,,,
00.318,2.644521732,,,
00.320,2.72790701,,,
00.322,2.665368051,,,
00.324,2.623675412,,,
00.326,2.519443815,,,
00.328,2.581982773,,,
00.330,2.581982773,,,
00.332,2.498597495,,,
00.334,2.540290134,,,
00.336,2.540290134,,,
00.338,2.561136454,,,
00.340,2.644521732,,,
00.342,2.540290134,,,
00.344,2.498597495,,,
00.346,2.561136454,,,
00.348,2.581982773,,,
00.350,2.602829093,,,
00.352,2.72790701,,,
00.354,2.540290134,,,
00.356,2.540290134,,,
00.358,2.561136454,,,
00.360,2.561136454,,,
00.362,2.561136454,,,
00.364,2.498597495,,,
00.366,2.540290134,,,
00.368,2.498597495,,,
00.370,2.540290134,,,
00.372,2.581982773,,,
00.374,2.581982773,,,
00.376,2.519443815,,,
00.378,2.498597495,,,
00.380,2.581982773,,,
00.382,2.686214371,,,
00.384,2.602829093,,,
00.386,2.561136454,,,
00.388,2.498597495,,,
00.390,2.352673259,,,
00.392,2.331826939,,,
00.394,2.331826939,,,
00.396,2.31098062,,,
00.398,2.394365898,,,
00.400,2.394365898,,,
00.402,2.269287981,,,
00.404,2.206749022,,,
00.406,2.331826939,,,
00.408,2.394365898,,,
00.410,2.665368051,,,
00.412,3.082294441,,,
00.414,3.457528192,,,
00.416,3.770222984,,,
00.418,4.082917776,,,
00.420,4.416458888,,,
00.422,4.624922083,,,
00.424,4.645768403,,,
00.426,4.520690486,,,
00.428,4.228842013,,,
00.430,3.791069304,,,
00.432,3.91614722,,,
00.434,3.91614722,,,
00.436,3.499220831,,,
00.438,3.207372358,,,
00.440,2.644521732,,,
00.442,2.060824786,,,
00.444,1.977439508,,,
00.446,2.060824786,,,
00.448,1.998285828,,,
00.450,1.998285828,,,
00.452,2.102517425,,,
00.454,2.144210064,,,
00.456,2.165056384,,,
00.458,2.31098062,,,
00.460,2.352673259,,,
00.462,2.436058537,,,
00.464,2.477751176,,,
00.466,2.456904856,,,
00.468,2.373519578,,,
00.470,2.561136454,,,
00.472,2.561136454,,,
00.474,2.665368051,,,
00.476,2.602829093,,,
00.478,2.72790701,,,
00.480,2.665368051,,,
00.482,2.623675412,,,
00.484,2.602829093,,,
00.486,2.623675412,,,
00.488,2.540290134,,,
00.490,2.623675412,,,
00.492,2.70706069,,,
00.494,2.811292288,,,
00.496,2.748753329,,,
00.498,2.769599649,,,
00.500,2.790445968,,,
00.502,2.686214371,,,
00.504,2.686214371,,,
00.506,2.686214371,,,
00.508,2.623675412,,,
00.510,2.70706069,,,
00.512,2.748753329,,,
00.514,2.72790701,,,
00.516,2.665368051,,,
00.518,2.852984927,,,
00.520,2.72790701,,,
00.522,2.72790701,,,
00.524,2.665368051,,,
00.526,2.72790701,,,
00.528,2.644521732,,,
00.530,2.644521732,,,
00.532,2.769599649,,,
00.534,2.811292288,,,
00.536,2.790445968,,,
00.538,2.915523885,,,
00.540,2.873831246,,,
00.542,2.790445968,,,
00.544,2.72790701,,,
00.546,2.894677566,,,
00.548,2.72790701,,,
00.550,2.769599649,,,
00.552,2.769599649,,,
00.554,2.790445968,,,
00.556,2.748753329,,,
00.558,2.998909163,,,
00.560,2.873831246,,,
00.562,2.873831246,,,
00.564,2.873831246,,,
00.566,2.873831246,,,
00.568,2.769599649,,,
00.570,2.915523885,,,
00.572,2.873831246,,,
00.574,2.811292288,,,
00.576,2.811292288,,,
00.578,2.915523885,,,
00.580,2.915523885,,,
00.582,2.852984927,,,
00.584,2.873831246,,,
00.586,2.936370205,,,
00.588,2.894677566,,,
00.590,2.957216524,,,
00.592,3.061448121,,,
00.594,3.082294441,,,
00.596,3.019755483,,,
00.598,3.10314076,,,
00.600,3.10314076,,,
00.602,3.019755483,,,
00.604,3.040601802,,,
00.606,3.082294441,,,
00.608,3.040601802,,,
00.610,3.144833399,,,
00.612,3.165679719,,,
00.614,3.12398708,,,
00.616,3.10314076,,,
00.618,3.332450275,,,
00.620,3.353296594,,,
00.622,3.228218677,,,
00.624,3.228218677,,,
00.626,3.290757636,,,
00.628,3.186526038,,,
00.630,3.311603955,,,
00.632,3.374142914,,,
00.634,3.394989233,,,
00.636,3.52006715,,,
00.638,3.645145067,,,
00.640,3.582606109,,,
00.642,3.561759789,,,
00.644,3.457528192,,,
00.646,3.415835553,,,
00.648,3.54091347,,,
00.650,3.582606109,,,
00.652,3.624298748,,,
00.654,3.645145067,,,
00.656,3.749376665,,,
00.658,3.811915623,,,
00.660,3.832761943,,,
00.662,3.811915623,,,
00.664,3.811915623,,,
00.666,3.749376665,,,
00.668,3.707684026,,,
00.670,3.749376665,,,
00.672,3.749376665,,,
00.674,3.707684026,,,
00.676,3.707684026,,,
00.678,3.728530345,,,
00.680,3.770222984,,,
00.682,3.728530345,,,
00.684,3.749376665,,,
00.686,3.707684026,,,
00.688,3.52006715,,,
00.690,3.54091347,,,
00.692,3.52006715,,,
00.694,3.478374511,,,
00.696,3.603452428,,,
00.698,3.624298748,,,
00.700,3.499220831,,,
00.702,3.332450275,,,
00.704,3.269911316,,,
00.706,3.10314076,,,
00.708,3.10314076,,,
00.710,3.165679719,,,
00.712,2.998909163,,,
00.714,2.978062844,,,
00.716,3.144833399,,,
00.718,3.061448121,,,
00.720,2.978062844,,,
00.722,2.894677566,,,
00.724,2.894677566,,,
00.726,2.811292288,,,
00.728,2.811292288,,,
00.730,2.811292288,,,
00.732,2.70706069,,,
00.734,2.686214371,,,
00.736,2.894677566,,,
00.738,2.873831246,,,
00.740,2.790445968,,,
00.742,2.665368051,,,
00.744,2.769599649,,,
00.746,2.602829093,,,
00.748,2.623675412,,,
00.750,2.644521732,,,
00.752,2.665368051,,,
00.754,2.602829093,,,
00.756,2.70706069,,,
00.758,2.70706069,,,
00.760,2.70706069,,,
00.762,2.644521732,,,
00.764,2.665368051,,,
00.766,2.498597495,,,
00.768,2.602829093,,,
00.770,2.769599649,,,
00.772,2.832138607,,,
00.774,2.686214371,,,
00.776,2.769599649,,,
00.778,2.70706069,,,
00.780,2.769599649,,,
00.782,2.581982773,,,
00.784,2.602829093,,,
00.786,2.519443815,,,
00.788,2.540290134,,,
00.790,2.623675412,,,
00.792,2.665368051,,,
00.794,2.602829093,,,
00.796,2.70706069,,,
00.798,2.70706069,,,
00.800,2.644521732,,,
00.802,2.602829093,,,
00.804,2.602829093,,,
00.806,2.519443815,,,
00.808,2.561136454,,,
00.810,2.644521732,,,
00.812,2.686214371,,,
00.814,2.665368051,,,
00.816,2.72790701,,,
00.818,2.72790701,,,
00.820,2.665368051,,,
00.822,2.602829093,,,
00.824,2.665368051,,,
00.826,2.498597495,,,
00.828,2.602829093,,,
00.830,2.623675412,,,
00.832,2.644521732,,,
00.834,2.561136454,,,
00.836,2.790445968,,,
00.838,2.769599649,,,
00.840,2.790445968,,,
00.842,2.686214371,,,
00.844,2.70706069,,,
00.846,2.561136454,,,
00.848,2.519443815,,,
00.850,2.561136454,,,
00.852,2.581982773,,,
00.854,2.581982773,,,
00.856,2.790445968,,,
00.858,2.811292288,,,
00.860,2.894677566,,,
00.862,2.748753329,,,
00.864,2.644521732,,,
00.866,2.540290134,,,
00.868,2.581982773,,,
00.870,2.561136454,,,
00.872,2.540290134,,,
00.874,2.602829093,,,
00.876,2.769599649,,,
00.878,2.769599649,,,
00.880,2.70706069,,,
00.882,2.748753329,,,
00.884,2.72790701,,,
00.886,2.686214371,,,
00.888,2.665368051,,,
00.890,2.623675412,,,
00.892,2.70706069,,,
00.894,2.686214371,,,
00.896,2.811292288,,,
00.898,2.769599649,,,
00.900,2.686214371,,,
00.902,2.686214371,,,
00.904,2.748753329,,,
00.906,2.644521732,,,
00.908,2.581982773,,,
00.910,2.70706069,,,
00.912,2.70706069,,,
00.914,2.748753329,,,
00.916,2.748753329,,,
00.918,2.623675412,,,
00.920,2.748753329,,,
00.922,2.70706069,,,
00.924,2.686214371,,,
00.926,2.602829093,,,
00.928,2.790445968,,,
00.930,2.72790701,,,
00.932,2.623675412,,,
00.934,2.769599649,,,
00.936,2.769599649,,,
00.938,2.665368051,,,
00.940,2.561136454,,,
00.942,2.602829093,,,
00.944,2.623675412,,,
00.946,2.623675412,,,
00.948,2.644521732,,,
00.950,2.70706069,,,
00.952,2.852984927,,,
00.954,2.852984927,,,
00.956,2.769599649,,,
00.958,2.72790701,,,
00.960,2.665368051,,,
00.962,2.561136454,,,
00.964,2.540290134,,,
00.966,2.602829093,,,
00.968,2.602829093,,,
00.970,2.769599649,,,
00.972,2.72790701,,,
00.974,2.769599649,,,
00.976,2.72790701,,,
00.978,2.665368051,,,
00.980,2.686214371,,,
00.982,2.602829093,,,
00.984,2.456904856,,,
00.986,2.436058537,,,
00.988,2.498597495,,,
00.990,2.665368051,,,
00.992,2.70706069,,,
00.994,2.70706069,,,
00.996,2.665368051,,,
00.998,2.790445968,,,
01.000,2.748753329,,,
01.002,2.70706069,,,
01.004,2.561136454,,,
01.006,2.581982773,,,
01.008,2.686214371,,,
01.010,2.72790701,,,
01.012,2.70706069,,,
01.014,2.811292288,,,
01.016,2.811292288,,,
01.018,2.70706069,,,
01.020,2.70706069,,,
01.022,2.70706069,,,
01.024,2.561136454,,,
01.026,2.644521732,,,
01.028,2.748753329,,,
01.030,2.748753329,,,
01.032,2.665368051,,,
01.034,2.72790701,,,
01.036,2.72790701,,,
01.038,2.72790701,,,
01.040,2.644521732,,,
01.042,2.623675412,,,
01.044,2.602829093,,,
01.046,2.602829093,,,
01.048,2.665368051,,,
01.050,2.769599649,,,
01.052,2.623675412,,,
01.054,2.748753329,,,
01.056,2.72790701,,,
01.058,2.70706069,,,
01.060,2.70706069,,,
01.062,2.769599649,,,
01.064,2.686214371,,,
01.066,2.70706069,,,
01.068,2.72790701,,,
01.070,2.72790701,,,
01.072,2.665368051,,,
01.074,2.748753329,,,
01.076,2.72790701,,,
01.078,2.581982773,,,
01.080,2.602829093,,,
01.082,2.811292288,,,
01.084,2.602829093,,,
01.086,2.72790701,,,
01.088,2.811292288,,,
01.090,2.894677566,,,
01.092,2.811292288,,,
01.094,2.832138607,,,
01.096,2.873831246,,,
01.098,2.811292288,,,
01.100,2.686214371,,,
01.102,2.832138607,,,
01.104,2.748753329,,,
01.106,2.894677566,,,
01.108,2.936370205,,,
01.110,2.936370205,,,
01.112,2.686214371,,,
01.114,2.894677566,,,
01.116,2.748753329,,,
01.118,2.748753329,,,
01.120,2.748753329,,,
01.122,2.873831246,,,
01.124,2.769599649,,,
01.126,2.873831246,,,
01.128,2.957216524,,,
01.130,2.852984927,,,
01.132,2.852984927,,,
01.134,2.936370205,,,
01.136,2.811292288,,,
01.138,2.769599649,,,
01.140,2.72790701,,,
01.142,2.832138607,,,
01.144,2.748753329,,,
01.146,2.70706069,,,
01.148,2.852984927,,,
01.150,2.873831246,,,
01.152,2.873831246,,,
01.154,2.852984927,,,
01.156,2.769599649,,,
01.158,2.623675412,,,
01.160,2.623675412,,,
01.162,2.644521732,,,
01.164,2.623675412,,,
01.166,2.748753329,,,
01.168,2.748753329,,,
01.170,2.790445968,,,
01.172,2.790445968,,,
01.174,2.832138607,,,
01.176,2.623675412,,,
01.178,2.602829093,,,
01.180,2.644521732,,,
01.182,2.665368051,,,
01.184,2.602829093,,,
01.186,2.623675412,,,
01.188,2.790445968,,,
01.190,2.811292288,,,
01.192,2.790445968,,,
01.194,2.790445968,,,
01.196,2.72790701,,,
01.198,2.70706069,,,
01.200,2.790445968,,,
01.202,2.873831246,,,
01.204,2.623675412,,,
01.206,2.540290134,,,
01.208,2.70706069,,,
01.210,2.70706069,,,
01.212,2.70706069,,,
01.214,2.70706069,,,
01.216,2.623675412,,,
01.218,2.498597495,,,
01.220,2.477751176,,,
01.222,2.352673259,,,
01.224,2.269287981,,,
01.226,2.2901343,,,
01.228,2.373519578,,,
01.230,2.477751176,,,
01.232,2.832138607,,,
01.234,3.249064997,,,
01.236,3.561759789,,,
01.238,3.832761943,,,
01.240,4.103764096,,,
01.242,4.416458888,,,
01.244,4.562383125,,,
01.246,4.687461042,,,
01.248,4.666614722,,,
01.250,4.416458888,,,
01.252,4.020378818,,,
01.254,4.228842013,,,
01.256,4.124610415,,,
01.258,3.874454582,,,
01.260,3.561759789,,,
01.262,3.019755483,,,
01.264,2.331826939,,,
01.266,2.081671106,,,
01.268,2.227595342,,,
01.270,2.185902703,,,
01.272,2.269287981,,,
01.274,2.331826939,,,
01.276,2.2901343,,,
01.278,2.352673259,,,
01.280,2.331826939,,,
01.282,2.352673259,,,
01.284,2.394365898,,,
01.286,2.477751176,,,
01.288,2.561136454,,,
01.290,2.623675412,,,
01.292,2.70706069,,,
01.294,2.686214371,,,
01.296,2.72790701,,,
01.298,2.644521732,,,
01.300,2.811292288,,,
01.302,2.70706069,,,
01.304,2.72790701,,,
01.306,2.665368051,,,
01.308,2.748753329,,,
01.310,2.70706069,,,
01.312,2.852984927,,,
01.314,2.852984927,,,
01.316,2.811292288,,,
01.318,2.748753329,,,
01.320,2.811292288,,,
01.322,2.70706069,,,
01.324,2.581982773,,,
01.326,2.790445968,,,
01.328,2.873831246,,,
01.330,2.852984927,,,
01.332,2.957216524,,,
01.334,2.957216524,,,
01.336,2.957216524,,,
01.338,2.811292288,,,
01.340,2.852984927,,,
01.342,2.790445968,,,
01.344,2.790445968,,,
01.346,2.852984927,,,
01.348,2.873831246,,,
01.350,2.769599649,,,
01.352,2.915523885,,,
01.354,2.998909163,,,
01.356,2.998909163,,,
01.358,2.852984927,,,
01.360,2.832138607,,,
01.362,2.769599649,,,
01.364,2.832138607,,,
01.366,2.811292288,,,
01.368,2.852984927,,,
01.370,2.790445968,,,
01.372,3.082294441,,,
01.374,3.040601802,,,
01.376,2.852984927,,,
01.378,2.790445968,,,
01.380,2.852984927,,,
01.382,2.70706069,,,
01.384,2.72790701,,,
01.386,2.832138607,,,
01.388,2.832138607,,,
01.390,2.790445968,,,
01.392,3.019755483,,,
01.394,2.915523885,,,
01.396,2.978062844,,,
01.398,2.936370205,,,
01.400,2.998909163,,,
01.402,2.832138607,,,
01.404,2.852984927,,,
01.406,2.936370205,,,
01.408,3.019755483,,,
01.410,2.894677566,,,
01.412,3.082294441,,,
01.414,3.144833399,,,
01.416,3.040601802,,,
01.418,3.040601802,,,
01.420,3.12398708,,,
01.422,2.936370205,,,
01.424,2.957216524,,,
01.426,3.019755483,,,
01.428,3.12398708,,,
01.430,3.165679719,,,
01.432,3.311603955,,,
01.434,3.332450275,,,
01.436,3.186526038,,,
01.438,3.228218677,,,
01.440,3.415835553,,,
01.442,3.207372358,,,
01.444,3.207372358,,,
01.446,3.207372358,,,
01.448,3.332450275,,,
01.450,3.332450275,,,
01.452,3.332450275,,,
01.454,3.394989233,,,
01.456,3.415835553,,,
01.458,3.394989233,,,
01.460,3.457528192,,,
01.462,3.52006715,,,
01.464,3.561759789,,,
01.466,3.603452428,,,
01.468,3.603452428,,,
01.470,3.582606109,,,
01.472,3.624298748,,,
01.474,3.582606109,,,
01.476,3.707684026,,,
01.478,3.686837706,,,
01.480,3.686837706,,,
01.482,3.624298748,,,
01.484,3.707684026,,,
01.486,3.707684026,,,
01.488,3.749376665,,,
01.490,3.749376665,,,
01.492,3.832761943,,,
01.494,3.853608262,,,
01.496,3.832761943,,,
01.498,3.749376665,,,
01.500,3.686837706,,,
01.502,3.707684026,,,
01.504,3.707684026,,,
01.506,3.707684026,,,
01.508,3.749376665,,,
01.510,3.791069304,,,
01.512,3.749376665,,,
01.514,3.603452428,,,
01.516,3.645145067,,,
01.518,3.603452428,,,
01.520,3.582606109,,,
01.522,3.52006715,,,
01.524,3.499220831,,,
01.526,3.374142914,,,
01.528,3.353296594,,,
01.530,3.332450275,,,
01.532,3.144833399,,,
01.534,3.165679719,,,
01.536,3.061448121,,,
01.538,3.165679719,,,
01.540,2.978062844,,,
01.542,2.978062844,,,
01.544,2.978062844,,,
01.546,2.978062844,,,
01.548,2.936370205,,,
01.550,3.019755483,,,
01.552,2.978062844,,,
01.554,2.894677566,,,
01.556,2.811292288,,,
01.558,2.873831246,,,
01.560,2.70706069,,,
01.562,2.623675412,,,
01.564,2.769599649,,,
01.566,2.852984927,,,
01.568,2.790445968,,,
01.570,2.832138607,,,
01.572,2.769599649,,,
01.574,2.748753329,,,
01.576,2.686214371,,,
01.578,2.70706069,,,
01.580,2.581982773,,,
01.582,2.602829093,,,
01.584,2.644521732,,,
01.586,2.665368051,,,
01.588,2.70706069,,,
01.590,2.70706069,,,
01.592,2.748753329,,,
01.594,2.832138607,,,
01.596,2.581982773,,,
01.598,2.623675412,,,
01.600,2.561136454,,,
01.602,2.602829093,,,
01.604,2.748753329,,,
01.606,2.748753329,,,
01.608,2.644521732,,,
01.610,2.915523885,,,
01.612,2.894677566,,,
01.614,2.811292288,,,
01.616,2.665368051,,,
01.618,2.665368051,,,
01.620,2.498597495,,,
01.622,2.540290134,,,
01.624,2.70706069,,,
01.626,2.70706069,,,
01.628,2.665368051,,,
01.630,2.852984927,,,
01.632,2.873831246,,,
01.634,2.769599649,,,
01.636,2.769599649,,,
01.638,2.769599649,,,
01.640,2.623675412,,,
01.642,2.644521732,,,
01.644,2.72790701,,,
01.646,2.70706069,,,
01.648,2.686214371,,,
01.650,2.832138607,,,
01.652,2.769599649,,,
01.654,2.769599649,,,
01.656,2.644521732,,,
01.658,2.70706069,,,
01.660,2.686214371,,,
01.662,2.686214371,,,
01.664,2.686214371,,,
01.666,2.748753329,,,
01.668,2.686214371,,,
01.670,2.852984927,,,
01.672,2.873831246,,,
01.674,2.811292288,,,
01.676,2.748753329,,,
01.678,2.769599649,,,
01.680,2.602829093,,,
01.682,2.623675412,,,
01.684,2.811292288,,,
01.686,2.769599649,,,
01.688,2.811292288,,,
01.690,2.957216524,,,
01.692,2.957216524,,,
01.694,2.748753329,,,
01.696,2.811292288,,,
01.698,2.748753329,,,
01.700,2.602829093,,,
01.702,2.665368051,,,
01.704,2.686214371,,,
01.706,2.70706069,,,
01.708,2.70706069,,,
01.710,2.790445968,,,
01.712,2.873831246,,,
01.714,2.915523885,,,
01.716,2.748753329,,,
01.718,2.769599649,,,
01.720,2.644521732,,,
01.722,2.686214371,,,
01.724,2.790445968,,,
01.726,2.790445968,,,
01.728,2.852984927,,,
01.730,2.873831246,,,
01.732,2.894677566,,,
01.734,2.790445968,,,
01.736,2.72790701,,,
01.738,2.748753329,,,
01.740,2.561136454,,,
01.742,2.623675412,,,
01.744,2.72790701,,,
01.746,2.769599649,,,
01.748,2.769599649,,,
01.750,2.790445968,,,
01.752,2.811292288,,,
01.754,2.790445968,,,
01.756,2.790445968,,,
01.758,2.769599649,,,
01.760,2.769599649,,,
01.762,2.769599649,,,
01.764,2.852984927,,,
01.766,2.832138607,,,
01.768,2.852984927,,,
01.770,2.852984927,,,
01.772,2.748753329,,,
01.774,2.644521732,,,
01.776,2.644521732,,,
01.778,2.686214371,,,
01.780,2.769599649,,,
01.782,2.769599649,,,
01.784,2.790445968,,,
01.786,2.72790701,,,
01.788,2.769599649,,,
01.790,2.769599649,,,
01.792,2.70706069,,,
01.794,2.70706069,,,
01.796,2.748753329,,,
01.798,2.769599649,,,
01.800,2.70706069,,,
01.802,2.72790701,,,
01.804,2.72790701,,,
01.806,2.769599649,,,
01.808,2.873831246,,,
01.810,2.769599649,,,
01.812,2.665368051,,,
01.814,2.70706069,,,
01.816,2.70706069,,,
01.818,2.70706069,,,
01.820,2.644521732,,,
01.822,2.769599649,,,
01.824,2.769599649,,,
01.826,2.665368051,,,
01.828,2.852984927,,,
01.830,2.832138607,,,
01.832,2.748753329,,,
01.834,2.70706069,,,
01.836,2.873831246,,,
01.838,2.748753329,,,
01.840,2.790445968,,,
01.842,2.832138607,,,
01.844,2.72790701,,,
01.846,2.72790701,,,
01.848,2.873831246,,,
01.850,2.852984927,,,
01.852,2.602829093,,,
01.854,2.665368051,,,
01.856,2.748753329,,,
01.858,2.665368051,,,
01.860,2.665368051,,,
01.862,2.70706069,,,
01.864,2.748753329,,,
01.866,2.811292288,,,
01.868,3.061448121,,,
01.870,2.873831246,,,
01.872,2.873831246,,,
01.874,2.748753329,,,
01.876,2.790445968,,,
01.878,2.70706069,,,
01.880,2.665368051,,,
01.882,2.748753329,,,
01.884,2.790445968,,,
01.886,2.769599649,,,
01.888,2.873831246,,,
01.890,2.790445968,,,
01.892,2.748753329,,,
01.894,2.769599649,,,
01.896,2.957216524,,,
01.898,2.769599649,,,
01.900,2.70706069,,,
01.902,2.72790701,,,
01.904,2.769599649,,,
01.906,2.72790701,,,
01.908,2.957216524,,,
01.910,2.790445968,,,
01.912,2.790445968,,,
01.914,2.748753329,,,
01.916,2.873831246,,,
01.918,2.790445968,,,
01.920,2.686214371,,,
01.922,2.748753329,,,
01.924,2.72790701,,,
01.926,2.790445968,,,
01.928,2.769599649,,,
01.930,2.70706069,,,
01.932,2.790445968,,,
01.934,2.623675412,,,
01.936,2.811292288,,,
01.938,2.70706069,,,
01.940,2.686214371,,,
01.942,2.769599649,,,
01.944,2.644521732,,,
01.946,2.748753329,,,
01.948,2.873831246,,,
01.950,2.852984927,,,
01.952,2.769599649,,,
01.954,2.811292288,,,
01.956,2.811292288,,,
01.958,2.70706069,,,
01.960,2.832138607,,,
01.962,2.852984927,,,
01.964,2.832138607,,,
01.966,2.832138607,,,
01.968,2.978062844,,,
01.970,2.832138607,,,
01.972,2.915523885,,,
01.974,2.811292288,,,
01.976,2.873831246,,,
01.978,2.832138607,,,
01.980,2.852984927,,,
01.982,2.852984927,,,
01.984,2.998909163,,,
01.986,2.957216524,,,
01.988,2.957216524,,,
01.990,2.936370205,,,
01.992,2.873831246,,,
01.994,2.915523885,,,
01.996,2.936370205,,,
01.998,2.873831246,,,
02.000,2.811292288,,,
02.002,2.832138607,,,
02.004,2.832138607,,,
02.006,2.832138607,,,
02.008,2.998909163,,,
02.010,2.936370205,,,
02.012,2.936370205,,,
02.014,2.832138607,,,
02.016,2.790445968,,,
02.018,2.644521732,,,
02.020,2.72790701,,,
02.022,2.72790701,,,
02.024,2.832138607,,,
02.026,2.790445968,,,
02.028,2.811292288,,,
02.030,2.70706069,,,
02.032,2.665368051,,,
02.034,2.769599649,,,
02.036,2.72790701,,,
02.038,2.665368051,,,
02.040,2.70706069,,,
02.042,2.811292288,,,
02.044,2.665368051,,,
02.046,2.665368051,,,
02.048,2.70706069,,,
02.050,2.769599649,,,
02.052,2.70706069,,,
02.054,2.769599649,,,
02.056,2.70706069,,,
02.058,2.602829093,,,
02.060,2.644521732,,,
02.062,2.665368051,,,
02.064,2.70706069,,,
02.066,2.644521732,,,
02.068,2.70706069,,,
02.070,2.644521732,,,
02.072,2.70706069,,,
02.074,2.686214371,,,
02.076,2.769599649,,,
02.078,2.665368051,,,
02.080,2.70706069,,,
02.082,2.623675412,,,
02.084,2.70706069,,,
02.086,2.665368051,,,
02.088,2.686214371,,,
02.090,2.644521732,,,
02.092,2.477751176,,,
02.094,2.477751176,,,
02.096,2.352673259,,,
02.098,2.331826939,,,
02.100,2.394365898,,,
02.102,2.644521732,,,
02.104,2.72790701,,,
02.106,2.998909163,,,
02.108,3.332450275,,,
02.110,3.645145067,,,
02.112,3.853608262,,,
02.114,4.145456735,,,
02.116,4.437305208,,,
02.118,4.624922083,,,
02.120,4.75,,,
02.122,4.478997847,,,
02.124,4.166303054,,,
02.126,4.145456735,,,
02.128,4.124610415,,,
02.130,3.93699354,,,
02.132,3.457528192,,,
02.134,3.186526038,,,
02.136,2.561136454,,,
02.138,1.977439508,,,
02.140,2.019132147,,,
02.142,2.165056384,,,
02.144,2.206749022,,,
02.146,2.352673259,,,
02.148,2.2901343,,,
02.150,2.269287981,,,
02.152,2.2901343,,,
02.154,2.415212217,,,
02.156,2.248441661,,,
02.158,2.2901343,,,
02.160,2.352673259,,,
02.162,2.498597495,,,
02.164,2.623675412,,,
02.166,2.873831246,,,
02.168,2.790445968,,,
02.170,2.790445968,,,
02.172,2.769599649,,,
02.174,2.832138607,,,
02.176,2.686214371,,,
02.178,2.665368051,,,
02.180,2.665368051,,,
02.182,2.72790701,,,
02.184,2.644521732,,,
02.186,2.852984927,,,
02.188,2.852984927,,,
02.190,2.769599649,,,
02.192,2.769599649,,,
02.194,2.873831246,,,
02.196,2.70706069,,,
02.198,2.790445968,,,
02.200,2.811292288,,,
02.202,2.748753329,,,
02.204,2.686214371,,,
02.206,2.915523885,,,
02.208,2.915523885,,,
02.210,2.811292288,,,
02.212,2.686214371,,,
02.214,2.811292288,,,
02.216,2.686214371,,,
02.218,2.644521732,,,
02.220,2.748753329,,,
02.222,2.832138607,,,
02.224,2.811292288,,,
02.226,2.915523885,,,
02.228,2.978062844,,,
02.230,2.998909163,,,
02.232,2.894677566,,,
02.234,2.811292288,,,
02.236,2.686214371,,,
02.238,2.72790701,,,
02.240,2.769599649,,,
02.242,2.873831246,,,
02.244,2.915523885,,,
02.246,2.936370205,,,
02.248,2.957216524,,,
02.250,2.811292288,,,
02.252,2.769599649,,,
02.254,2.998909163,,,
02.256,2.832138607,,,
02.258,2.832138607,,,
02.260,2.894677566,,,
02.262,2.915523885,,,
02.264,2.873831246,,,
02.266,2.957216524,,,
02.268,2.873831246,,,
02.270,2.873831246,,,
02.272,2.873831246,,,
02.274,2.998909163,,,
02.276,2.832138607,,,
02.278,2.832138607,,,
02.280,2.852984927,,,
02.282,2.936370205,,,
02.284,2.936370205,,,
02.286,3.040601802,,,
02.288,2.978062844,,,
02.290,2.978062844,,,
02.292,3.061448121,,,
02.294,3.12398708,,,
02.296,2.936370205,,,
02.298,2.936370205,,,
02.300,2.998909163,,,
02.302,3.12398708,,,
02.304,3.061448121,,,
02.306,3.207372358,,,
02.308,3.10314076,,,
02.310,3.228218677,,,
02.312,3.165679719,,,
02.314,3.165679719,,,
02.316,3.207372358,,,
02.318,3.165679719,,,
02.320,3.186526038,,,
02.322,3.249064997,,,
02.324,3.311603955,,,
02.326,3.269911316,,,
02.328,3.353296594,,,
02.330,3.353296594,,,
02.332,3.478374511,,,
02.334,3.457528192,,,
02.336,3.394989233,,,
02.338,3.394989233,,,
02.340,3.457528192,,,
02.342,3.478374511,,,
02.344,3.478374511,,,
02.346,3.686837706,,,
02.348,3.624298748,,,
02.350,3.603452428,,,
02.352,3.707684026,,,
02.354,3.686837706,,,
02.356,3.770222984,,,
02.358,3.707684026,,,
02.360,3.686837706,,,
02.362,3.686837706,,,
02.364,3.707684026,,,
02.366,3.645145067,,,
02.368,3.665991387,,,
02.370,3.582606109,,,
02.372,3.770222984,,,
02.374,3.686837706,,,
02.376,3.645145067,,,
02.378,3.603452428,,,
02.380,3.603452428,,,
02.382,3.624298748,,,
02.384,3.707684026,,,
02.386,3.603452428,,,
02.388,3.561759789,,,
02.390,3.478374511,,,
02.392,3.436681872,,,
02.394,3.415835553,,,
02.396,3.374142914,,,
02.398,3.290757636,,,
02.400,3.311603955,,,
02.402,3.228218677,,,
02.404,3.228218677,,,
02.406,3.12398708,,,
02.408,2.978062844,,,
02.410,2.936370205,,,
02.412,2.957216524,,,
02.414,2.852984927,,,
02.416,2.873831246,,,
02.418,2.894677566,,,
02.420,2.936370205,,,
02.422,2.811292288,,,
02.424,2.915523885,,,
02.426,2.790445968,,,
02.428,2.748753329,,,
02.430,2.748753329,,,
02.432,2.72790701,,,
02.434,2.498597495,,,
02.436,2.561136454,,,
02.438,2.540290134,,,
02.440,2.519443815,,,
02.442,2.456904856,,,
02.444,2.70706069,,,
02.446,2.70706069,,,
02.448,2.561136454,,,
02.450,2.561136454,,,
02.452,2.602829093,,,
02.454,2.456904856,,,
02.456,2.456904856,,,
02.458,2.456904856,,,
02.460,2.436058537,,,
02.462,2.436058537,,,
02.464,2.519443815,,,
02.466,2.519443815,,,
02.468,2.540290134,,,
02.470,2.415212217,,,
02.472,2.477751176,,,
02.474,2.331826939,,,
02.476,2.456904856,,,
02.478,2.436058537,,,
02.480,2.540290134,,,
02.482,2.519443815,,,
02.484,2.644521732,,,
02.486,2.644521732,,,
02.488,2.602829093,,,
02.490,2.436058537,,,
02.492,2.436058537,,,
02.494,2.352673259,,,
02.496,2.415212217,,,
02.498,2.415212217,,,
02.500,2.415212217,,,
02.502,2.352673259,,,
02.504,2.519443815,,,
02.506,2.498597495,,,
02.508,2.540290134,,,
02.510,2.498597495,,,
02.512,2.477751176,,,
02.514,2.436058537,,,
02.516,2.477751176,,,
02.518,2.477751176,,,
02.520,2.498597495,,,
02.522,2.373519578,,,
02.524,2.415212217,,,
02.526,2.498597495,,,
02.528,2.456904856,,,
02.530,2.477751176,,,
02.532,2.436058537,,,
02.534,2.331826939,,,
02.536,2.415212217,,,
02.538,2.561136454,,,
02.540,2.561136454,,,
02.542,2.456904856,,,
02.544,2.581982773,,,
02.546,2.540290134,,,
02.548,2.519443815,,,
02.550,2.456904856,,,
02.552,2.456904856,,,
02.554,2.331826939,,,
02.556,2.415212217,,,
02.558,2.477751176,,,
02.560,2.498597495,,,
02.562,2.581982773,,,
02.564,2.665368051,,,
02.566,2.581982773,,,
02.568,2.477751176,,,
02.570,2.436058537,,,
02.572,2.540290134,,,
02.574,2.456904856,,,
02.576,2.415212217,,,
02.578,2.519443815,,,
02.580,2.540290134,,,
02.582,2.540290134,,,
02.584,2.540290134,,,
02.586,2.436058537,,,
02.588,2.498597495,,,
02.590,2.456904856,,,
02.592,2.519443815,,,
02.594,2.456904856,,,
02.596,2.456904856,,,
02.598,2.581982773,,,
02.600,2.561136454,,,
02.602,2.561136454,,,
02.604,2.581982773,,,
02.606,2.456904856,,,
02.608,2.519443815,,,
02.610,2.477751176,,,
02.612,2.519443815,,,
02.614,2.540290134,,,
02.616,2.519443815,,,
02.618,2.581982773,,,
02.620,2.519443815,,,
02.622,2.540290134,,,
02.624,2.581982773,,,
02.626,2.498597495,,,
02.628,2.436058537,,,
02.630,2.394365898,,,
02.632,2.498597495,,,
02.634,2.498597495,,,
02.636,2.540290134,,,
02.638,2.540290134,,,
02.640,2.519443815,,,
02.642,2.561136454,,,
02.644,2.477751176,,,
02.646,2.540290134,,,
02.648,2.540290134,,,
02.650,2.498597495,,,
02.652,2.331826939,,,
02.654,2.373519578,,,
02.656,2.394365898,,,
02.658,2.581982773,,,
02.660,2.498597495,,,
02.662,2.519443815,,,
02.664,2.602829093,,,
02.666,2.519443815,,,
02.668,2.477751176,,,
02.670,2.498597495,,,
02.672,2.373519578,,,
02.674,2.373519578,,,
02.676,2.394365898,,,
02.678,2.415212217,,,
02.680,2.456904856,,,
02.682,2.519443815,,,
02.684,2.519443815,,,
02.686,2.415212217,,,
02.688,2.394365898,,,
02.690,2.477751176,,,
02.692,2.415212217,,,
02.694,2.436058537,,,
02.696,2.394365898,,,
02.698,2.456904856,,,
02.700,2.331826939,,,
02.702,2.498597495,,,
02.704,2.561136454,,,
02.706,2.394365898,,,
02.708,2.394365898,,,
02.710,2.436058537,,,
02.712,2.331826939,,,
02.714,2.436058537,,,
02.716,2.436058537,,,
02.718,2.477751176,,,
02.720,2.373519578,,,
02.722,2.436058537,,,
02.724,2.477751176,,,
02.726,2.436058537,,,
02.728,2.436058537,,,
02.730,2.456904856,,,
02.732,2.31098062,,,
02.734,2.373519578,,,
02.736,2.477751176,,,
02.738,2.540290134,,,
02.740,2.456904856,,,
02.742,2.540290134,,,
02.744,2.477751176,,,
02.746,2.352673259,,,
02.748,2.477751176,,,
02.750,2.498597495,,,
02.752,2.373519578,,,
02.754,2.331826939,,,
02.756,2.331826939,,,
02.758,2.415212217,,,
02.760,2.456904856,,,
02.762,2.540290134,,,
02.764,2.519443815,,,
02.766,2.352673259,,,
02.768,2.269287981,,,
02.770,2.373519578,,,
02.772,2.2901343,,,
02.774,2.436058537,,,
02.776,2.540290134,,,
02.778,2.644521732,,,
02.780,2.415212217,,,
02.782,2.519443815,,,
02.784,2.436058537,,,
02.786,2.436058537,,,
02.788,2.436058537,,,
02.790,2.665368051,,,
02.792,2.436058537,,,
02.794,2.540290134,,,
02.796,2.519443815,,,
02.798,2.540290134,,,
02.800,2.498597495,,,
02.802,2.602829093,,,
02.804,2.581982773,,,
02.806,2.602829093,,,
02.808,2.623675412,,,
02.810,2.623675412,,,
02.812,2.540290134,,,
02.814,2.477751176,,,
02.816,2.477751176,,,
02.818,2.70706069,,,
02.820,2.70706069,,,
02.822,2.70706069,,,
02.824,2.623675412,,,
02.826,2.456904856,,,
02.828,2.415212217,,,
02.830,2.519443815,,,
02.832,2.477751176,,,
02.834,2.540290134,,,
02.836,2.436058537,,,
02.838,2.561136454,,,
02.840,2.498597495,,,
02.842,2.581982773,,,
02.844,2.519443815,,,
02.846,2.415212217,,,
02.848,2.331826939,,,
02.850,2.248441661,,,
02.852,2.269287981,,,
02.854,2.269287981,,,
02.856,2.331826939,,,
02.858,2.456904856,,,
02.860,2.436058537,,,
02.862,2.498597495,,,
02.864,2.456904856,,,
02.866,2.31098062,,,
02.868,2.248441661,,,
02.870,2.2901343,,,
02.872,2.227595342,,,
02.874,2.227595342,,,
02.876,2.352673259,,,
02.878,2.31098062,,,
02.880,2.352673259,,,
02.882,2.436058537,,,
02.884,2.394365898,,,
02.886,2.248441661,,,
02.888,2.269287981,,,
02.890,2.248441661,,,
02.892,2.123363745,,,
02.894,2.165056384,,,
02.896,2.269287981,,,
02.898,2.2901343,,,
02.900,2.352673259,,,
02.902,2.352673259,,,
02.904,2.248441661,,,
02.906,2.185902703,,,
02.908,2.185902703,,,
02.910,2.144210064,,,
02.912,2.269287981,,,
02.914,2.2901343,,,
02.916,2.227595342,,,
02.918,2.331826939,,,
02.920,2.415212217,,,
02.922,2.31098062,,,
02.924,2.206749022,,,
02.926,2.123363745,,,
02.928,2.102517425,,,
02.930,1.977439508,,,
02.932,1.873207911,,,
02.934,1.873207911,,,
02.936,1.977439508,,,
02.938,2.144210064,,,
02.940,2.352673259,,,
02.942,2.644521732,,,
02.944,2.998909163,,,
02.946,3.144833399,,,
02.948,3.499220831,,,
02.950,3.791069304,,,
02.952,4.020378818,,,
02.954,4.020378818,,,
02.956,3.91614722,,,
02.958,3.707684026,,,
02.960,3.54091347,,,
02.962,3.353296594,,,
02.964,3.311603955,,,
02.966,3.10314076,,,
02.968,2.811292288,,,
02.970,2.31098062,,,
02.972,1.873207911,,,
02.974,1.602205757,,,
02.976,1.706437355,,,
02.978,1.664744716,,,
02.980,1.91490055,,,
02.982,1.852361591,,,
02.984,1.727283674,,,
02.986,1.727283674,,,
02.988,1.685591035,,,
02.990,1.748129994,,,
02.992,1.768976313,,,
02.994,1.852361591,,,
02.996,1.977439508,,,
02.998,1.956593189,,,
03.000,2.060824786,,,
03.002,2.144210064,,,
03.004,2.185902703,,,
03.006,2.185902703,,,
03.008,2.269287981,,,
03.010,2.039978467,,,
03.012,2.165056384,,,
03.014,2.206749022,,,
03.016,2.2901343,,,
03.018,2.227595342,,,
03.020,2.436058537,,,
03.022,2.2901343,,,
03.024,2.373519578,,,
03.026,2.2901343,,,
03.028,2.331826939,,,
03.030,2.165056384,,,
03.032,2.144210064,,,
03.034,2.227595342,,,
03.036,2.352673259,,,
03.038,2.352673259,,,
03.040,2.415212217,,,
03.042,2.394365898,,,
03.044,2.2901343,,,
03.046,2.331826939,,,
03.048,2.436058537,,,
03.050,2.269287981,,,
03.052,2.248441661,,,
03.054,2.352673259,,,
03.056,2.352673259,,,
03.058,2.2901343,,,
03.060,2.394365898,,,
03.062,2.394365898,,,
03.064,2.331826939,,,
03.066,2.206749022,,,
03.068,2.227595342,,,
03.070,2.144210064,,,
03.072,2.206749022,,,
03.074,2.352673259,,,
03.076,2.519443815,,,
03.078,2.394365898,,,
03.080,2.477751176,,,
03.082,2.331826939,,,
03.084,2.415212217,,,
03.086,2.31098062,,,
03.088,2.415212217,,,
03.090,2.331826939,,,
03.092,2.2901343,,,
03.094,2.269287981,,,
03.096,2.519443815,,,
03.098,2.519443815,,,
03.100,2.623675412,,,
03.102,2.456904856,,,
03.104,2.415212217,,,
03.106,2.331826939,,,
03.108,2.394365898,,,
03.110,2.31098062,,,
03.112,2.394365898,,,
03.114,2.415212217,,,
03.116,2.477751176,,,
03.118,2.456904856,,,
03.120,2.602829093,,,
03.122,2.602829093,,,
03.124,2.561136454,,,
03.126,2.561136454,,,
03.128,2.477751176,,,
03.130,2.519443815,,,
03.132,2.498597495,,,
03.134,2.561136454,,,
03.136,2.602829093,,,
03.138,2.540290134,,,
03.140,2.623675412,,,
03.142,2.623675412,,,
03.144,2.581982773,,,
03.146,2.602829093,,,
03.148,2.602829093,,,
03.150,2.623675412,,,
03.152,2.748753329,,,
03.154,2.790445968,,,
03.156,2.852984927,,,
03.158,2.72790701,,,
03.160,2.852984927,,,
03.162,2.894677566,,,
03.164,2.790445968,,,
03.166,2.811292288,,,
03.168,2.852984927,,,
03.170,2.852984927,,,
03.172,2.915523885,,,
03.174,2.978062844,,,
03.176,2.915523885,,,
03.178,3.061448121,,,
03.180,3.12398708,,,
03.182,3.144833399,,,
03.184,3.144833399,,,
03.186,3.10314076,,,
03.188,3.165679719,,,
03.190,3.061448121,,,
03.192,3.207372358,,,
03.194,3.290757636,,,
03.196,3.207372358,,,
03.198,3.165679719,,,
03.200,3.311603955,,,
03.202,3.249064997,,,
03.204,3.144833399,,,
03.206,3.144833399,,,
03.208,3.061448121,,,
03.210,2.978062844,,,
03.212,3.061448121,,,
03.214,3.082294441,,,
03.216,3.082294441,,,
03.218,3.165679719,,,
03.220,3.165679719,,,
03.222,3.165679719,,,
03.224,3.12398708,,,
03.226,3.019755483,,,
03.228,2.811292288,,,
03.230,2.811292288,,,
03.232,2.790445968,,,
03.234,2.811292288,,,
03.236,2.665368051,,,
03.238,2.70706069,,,
03.240,2.644521732,,,
03.242,2.519443815,,,
03.244,2.540290134,,,
03.246,2.540290134,,,
03.248,2.456904856,,,
03.250,2.394365898,,,
03.252,2.415212217,,,
03.254,2.519443815,,,
03.256,2.394365898,,,
03.258,2.415212217,,,
03.260,2.373519578,,,
03.262,2.2901343,,,
03.264,2.206749022,,,
03.266,2.31098062,,,
03.268,2.123363745,,,
03.270,2.144210064,,,
03.272,2.144210064,,,
03.274,2.081671106,,,
03.276,2.039978467,,,
03.278,2.185902703,,,
03.280,2.227595342,,,
03.282,2.227595342,,,
03.284,2.144210064,,,
03.286,2.123363745,,,
03.288,1.89405423,,,
03.290,1.89405423,,,
03.292,1.89405423,,,
03.294,1.977439508,,,
03.296,1.956593189,,,
03.298,2.206749022,,,
03.300,1.998285828,,,
03.302,1.998285828,,,
03.304,1.998285828,,,
03.306,1.998285828,,,
03.308,1.831515272,,,
03.310,1.831515272,,,
03.312,1.91490055,,,
03.314,1.91490055,,,
03.316,1.91490055,,,
03.318,2.060824786,,,
03.320,1.977439508,,,
03.322,1.977439508,,,
03.324,1.977439508,,,
03.326,2.019132147,,,
03.328,1.748129994,,,
03.330,1.748129994,,,
03.332,1.89405423,,,
03.334,1.935746869,,,
03.336,1.810668952,,,
03.338,1.977439508,,,
03.340,1.977439508,,,
03.342,1.998285828,,,
03.344,1.935746869,,,
03.346,1.956593189,,,
03.348,1.810668952,,,
03.350,1.768976313,,,
03.352,1.748129994,,,
03.354,1.91490055,,,
03.356,1.91490055,,,
03.358,1.998285828,,,
03.360,1.998285828,,,
03.362,1.873207911,,,
03.364,1.748129994,,,
03.366,1.852361591,,,
03.368,1.789822633,,,
03.370,1.831515272,,,
03.372,1.956593189,,,
03.374,2.039978467,,,
03.376,1.873207911,,,
03.378,1.998285828,,,
03.380,1.998285828,,,
03.382,1.852361591,,,
03.384,1.810668952,,,
03.386,1.873207911,,,
03.388,1.789822633,,,
03.390,1.810668952,,,
03.392,1.873207911,,,
03.394,1.935746869,,,
03.396,1.89405423,,,
03.398,2.060824786,,,
03.400,1.935746869,,,
03.402,1.977439508,,,
03.404,1.956593189,,,
03.406,1.977439508,,,
03.408,1.91490055,,,
03.410,1.89405423,,,
03.412,1.956593189,,,
03.414,1.956593189,,,
03.416,1.935746869,,,
03.418,2.144210064,,,
03.420,1.977439508,,,
03.422,1.956593189,,,
03.424,1.935746869,,,
03.426,1.977439508,,,
03.428,1.91490055,,,
03.430,1.998285828,,,
03.432,1.935746869,,,
03.434,1.956593189,,,
03.436,1.977439508,,,
03.438,2.123363745,,,
03.440,1.977439508,,,
03.442,1.935746869,,,
03.444,1.89405423,,,
03.446,1.831515272,,,
03.448,1.768976313,,,
03.450,1.935746869,,,
03.452,1.89405423,,,
03.454,1.935746869,,,
03.456,1.91490055,,,
03.458,1.89405423,,,
03.460,1.852361591,,,
03.462,1.852361591,,,
03.464,1.852361591,,,
03.466,1.873207911,,,
03.468,1.748129994,,,
03.470,1.810668952,,,
03.472,1.873207911,,,
03.474,1.89405423,,,
03.476,1.935746869,,,
03.478,1.977439508,,,
03.480,1.956593189,,,
03.482,1.977439508,,,
03.484,1.873207911,,,
03.486,1.89405423,,,
03.488,1.89405423,,,
03.490,1.810668952,,,
03.492,1.852361591,,,
03.494,1.810668952,,,
03.496,1.810668952,,,
03.498,2.039978467,,,
03.500,2.019132147,,,
03.502,1.91490055,,,
03.504,1.977439508,,,
03.506,1.831515272,,,
03.508,1.727283674,,,
03.510,1.748129994,,,
03.512,1.748129994,,,
03.514,1.789822633,,,
03.516,1.91490055,,,
03.518,1.810668952,,,
03.520,1.810668952,,,
03.522,1.810668952,,,
03.524,1.831515272,,,
03.526,1.748129994,,,
03.528,1.748129994,,,
03.530,1.810668952,,,
03.532,1.810668952,,,
03.534,1.685591035,,,
03.536,1.852361591,,,
03.538,1.831515272,,,
03.540,1.831515272,,,
03.542,1.852361591,,,
03.544,1.768976313,,,
03.546,1.664744716,,,
03.548,1.789822633,,,
03.550,1.873207911,,,
03.552,1.956593189,,,
03.554,1.852361591,,,
03.556,1.977439508,,,
03.558,1.91490055,,,
03.560,1.873207911,,,
03.562,1.852361591,,,
03.564,1.956593189,,,
03.566,1.89405423,,,
03.568,1.831515272,,,
03.570,1.91490055,,,
03.572,1.852361591,,,
03.574,1.831515272,,,
03.576,1.956593189,,,
03.578,2.060824786,,,
03.580,2.039978467,,,
03.582,2.039978467,,,
03.584,2.060824786,,,
03.586,1.852361591,,,
03.588,1.748129994,,,
03.590,1.91490055,,,
03.592,1.956593189,,,
03.594,1.935746869,,,
03.596,1.977439508,,,
03.598,1.998285828,,,
03.600,1.935746869,,,
03.602,1.977439508,,,
03.604,2.039978467,,,
03.606,1.956593189,,,
03.608,1.810668952,,,
03.610,1.852361591,,,
03.612,1.91490055,,,
03.614,1.789822633,,,
03.616,1.873207911,,,
03.618,1.852361591,,,
03.620,1.789822633,,,
03.622,1.748129994,,,
03.624,1.768976313,,,
03.626,1.581359438,,,
03.628,1.664744716,,,
03.630,1.706437355,,,
03.632,1.748129994,,,
03.634,1.768976313,,,
03.636,1.789822633,,,
03.638,1.831515272,,,
03.640,1.852361591,,,
03.642,1.768976313,,,
03.644,1.748129994,,,
03.646,1.685591035,,,
03.648,1.748129994,,,
03.650,1.789822633,,,
03.652,1.789822633,,,
03.654,1.706437355,,,
03.656,1.768976313,,,
03.658,1.748129994,,,
03.660,1.727283674,,,
03.662,1.748129994,,,
03.664,1.789822633,,,
03.666,1.706437355,,,
03.668,1.706437355,,,
03.670,1.664744716,,,
03.672,1.727283674,,,
03.674,1.727283674,,,
03.676,1.789822633,,,
03.678,1.727283674,,,
03.680,1.581359438,,,
03.682,1.685591035,,,
03.684,1.685591035,,,
03.686,1.685591035,,,
03.688,1.706437355,,,
03.690,1.685591035,,,
03.692,1.789822633,,,
03.694,1.748129994,,,
03.696,1.768976313,,,
03.698,1.768976313,,,
03.700,1.664744716,,,
03.702,1.581359438,,,
03.704,1.581359438,,,
03.706,1.393742562,,,
03.708,1.435435201,,,
03.710,1.435435201,,,
03.712,1.456281521,,,
03.714,1.539666799,,,
03.716,1.518820479,,,
03.718,1.664744716,,,
03.720,1.789822633,,,
03.722,2.102517425,,,
03.724,2.352673259,,,
03.726,2.477751176,,,
03.728,2.832138607,,,
03.730,3.186526038,,,
03.732,3.54091347,,,
03.734,3.665991387,,,
03.736,3.686837706,,,
03.738,3.499220831,,,
03.740,3.144833399,,,
03.742,2.852984927,,,
03.744,2.748753329,,,
03.746,2.665368051,,,
03.748,2.394365898,,,
03.750,2.102517425,,,
03.752,1.560513118,,,
03.754,1.310357285,,,
03.756,1.331203604,,,
03.758,1.247818326,,,
03.760,1.247818326,,,
03.762,1.164433048,,,
03.764,1.185279368,,,
03.766,1.143586729,,,
03.768,1.247818326,,,
03.770,1.393742562,,,
03.772,1.49797416,,,
03.774,1.643898396,,,
03.776,1.560513118,,,
03.778,1.581359438,,,
03.780,1.49797416,,,
03.782,1.706437355,,,
03.784,1.706437355,,,
03.786,1.748129994,,,
03.788,1.727283674,,,
03.790,1.831515272,,,
03.792,1.852361591,,,
03.794,1.935746869,,,
03.796,2.039978467,,,
03.798,1.956593189,,,
03.800,1.935746869,,,
03.802,2.039978467,,,
03.804,1.831515272,,,
03.806,1.810668952,,,
03.808,1.91490055,,,
03.810,1.977439508,,,
03.812,1.977439508,,,
03.814,2.060824786,,,
03.816,2.060824786,,,
03.818,1.956593189,,,
03.820,1.956593189,,,
03.822,1.977439508,,,
03.824,1.768976313,,,
03.826,1.852361591,,,
03.828,1.873207911,,,
03.830,1.91490055,,,
03.832,1.91490055,,,
03.834,2.060824786,,,
03.836,2.060824786,,,
03.838,1.998285828,,,
03.840,1.998285828,,,
03.842,1.998285828,,,
03.844,1.852361591,,,
03.846,1.831515272,,,
03.848,2.019132147,,,
03.850,1.998285828,,,
03.852,1.956593189,,,
03.854,2.060824786,,,
03.856,2.019132147,,,
03.858,2.060824786,,,
03.860,1.998285828,,,
03.862,2.060824786,,,
03.864,1.935746869,,,
03.866,1.935746869,,,
03.868,1.91490055,,,
03.870,2.060824786,,,
03.872,2.060824786,,,
03.874,2.060824786,,,
03.876,2.081671106,,,
03.878,2.039978467,,,
03.880,1.91490055,,,
03.882,1.977439508,,,
03.884,1.956593189,,,
03.886,2.060824786,,,
03.888,2.185902703,,,
03.890,2.206749022,,,
03.892,2.081671106,,,
03.894,2.206749022,,,
03.896,2.165056384,,,
03.898,2.165056384,,,
03.900,2.102517425,,,
03.902,2.185902703,,,
03.904,2.227595342,,,
03.906,2.185902703,,,
03.908,2.165056384,,,
03.910,2.269287981,,,
03.912,2.206749022,,,
03.914,2.394365898,,,
03.916,2.373519578,,,
03.918,2.373519578,,,
03.920,2.352673259,,,
03.922,2.415212217,,,
03.924,2.248441661,,,
03.926,2.331826939,,,
03.928,2.331826939,,,
03.930,2.31098062,,,
03.932,2.415212217,,,
03.934,2.519443815,,,
03.936,2.498597495,,,
03.938,2.519443815,,,
03.940,2.561136454,,,
03.942,2.561136454,,,
03.944,2.436058537,,,
03.946,2.602829093,,,
03.948,2.644521732,,,
03.950,2.602829093,,,
03.952,2.665368051,,,
03.954,2.769599649,,,
03.956,2.832138607,,,
03.958,2.602829093,,,
03.960,2.665368051,,,
03.962,2.832138607,,,
03.964,2.686214371,,,
03.966,2.811292288,,,
03.968,2.852984927,,,
03.970,2.957216524,,,
03.972,2.957216524,,,
03.974,3.019755483,,,
03.976,2.936370205,,,
03.978,2.852984927,,,
03.980,2.873831246,,,
03.982,2.873831246,,,
03.984,2.873831246,,,
03.986,2.915523885,,,
03.988,2.894677566,,,
03.990,2.852984927,,,
03.992,2.852984927,,,
03.994,3.040601802,,,
03.996,3.019755483,,,
03.998,2.811292288,,,
04.000,2.811292288,,,
04.002,2.686214371,,,
04.004,2.581982773,,,
04.006,2.602829093,,,
04.008,2.581982773,,,
04.010,2.498597495,,,
04.012,2.540290134,,,
04.014,2.561136454,,,
04.016,2.540290134,,,
04.018,2.456904856,,,
04.020,2.456904856,,,
04.022,2.248441661,,,
04.024,2.144210064,,,
04.026,2.269287981,,,
04.028,2.248441661,,,
04.030,2.123363745,,,
04.032,2.144210064,,,
04.034,2.039978467,,,
04.036,1.956593189,,,
04.038,2.081671106,,,
04.040,1.977439508,,,
04.042,1.91490055,,,
04.044,1.91490055,,,
04.046,1.89405423,,,
04.048,1.89405423,,,
04.050,1.831515272,,,
04.052,1.89405423,,,
04.054,1.831515272,,,
04.056,1.789822633,,,
04.058,1.831515272,,,
04.060,1.810668952,,,
04.062,1.768976313,,,
04.064,1.768976313,,,
04.066,1.685591035,,,
04.068,1.748129994,,,
04.070,1.789822633,,,
04.072,1.789822633,,,
04.074,1.581359438,,,
04.076,1.706437355,,,
04.078,1.706437355,,,
04.080,1.727283674,,,
04.082,1.664744716,,,
04.084,1.602205757,,,
04.086,1.748129994,,,
04.088,1.768976313,,,
04.090,1.789822633,,,
04.092,1.873207911,,,
04.094,1.873207911,,,
04.096,1.748129994,,,
04.098,1.685591035,,,
04.100,1.727283674,,,
04.102,1.685591035,,,
04.104,1.706437355,,,
04.106,1.748129994,,,
04.108,1.748129994,,,
04.110,1.768976313,,,
04.112,1.768976313,,,
04.114,1.664744716,,,
04.116,1.706437355,,,
04.118,1.727283674,,,
04.120,1.706437355,,,
04.122,1.602205757,,,
04.124,1.602205757,,,
04.126,1.789822633,,,
04.128,1.768976313,,,
04.130,1.789822633,,,
04.132,1.89405423,,,
04.134,1.727283674,,,
04.136,1.664744716,,,
04.138,1.664744716,,,
04.140,1.664744716,,,
04.142,1.623052077,,,
04.144,1.748129994,,,
04.146,1.810668952,,,
04.148,1.768976313,,,
04.150,1.706437355,,,
04.152,1.810668952,,,
04.154,1.727283674,,,
04.156,1.727283674,,,
04.158,1.685591035,,,
04.160,1.789822633,,,
04.162,1.664744716,,,
04.164,1.706437355,,,
04.166,1.789822633,,,
04.168,1.831515272,,,
04.170,1.768976313,,,
04.172,1.89405423,,,
04.174,1.89405423,,,
04.176,1.873207911,,,
04.178,1.810668952,,,
04.180,1.873207911,,,
04.182,1.727283674,,,
04.184,1.810668952,,,
04.186,1.810668952,,,
04.188,1.956593189,,,
04.190,1.852361591,,,
04.192,1.852361591,,,
04.194,1.852361591,,,
04.196,1.810668952,,,
04.198,1.831515272,,,
04.200,1.873207911,,,
04.202,1.768976313,,,
04.204,1.727283674,,,
04.206,1.727283674,,,
04.208,1.831515272,,,
04.210,1.789822633,,,
04.212,1.873207911,,,
04.214,1.873207911,,,
04.216,1.852361591,,,
04.218,1.748129994,,,
04.220,1.831515272,,,
04.222,1.768976313,,,
04.224,1.810668952,,,
04.226,1.91490055,,,
04.228,1.89405423,,,
04.230,1.956593189,,,
04.232,2.019132147,,,
04.234,1.956593189,,,
04.236,1.831515272,,,
04.238,1.810668952,,,
04.240,1.810668952,,,
04.242,1.706437355,,,
04.244,1.768976313,,,
04.246,1.831515272,,,
04.248,1.831515272,,,
04.250,1.810668952,,,
04.252,1.977439508,,,
04.254,1.852361591,,,
04.256,1.768976313,,,
04.258,1.831515272,,,
04.260,1.810668952,,,
04.262,1.810668952,,,
04.264,1.789822633,,,
04.266,1.852361591,,,
04.268,1.873207911,,,
04.270,1.873207911,,,
04.272,1.91490055,,,
04.274,1.852361591,,,
04.276,1.831515272,,,
04.278,1.810668952,,,
04.280,1.831515272,,,
04.282,1.748129994,,,
04.284,1.831515272,,,
04.286,1.810668952,,,
04.288,1.810668952,,,
04.290,1.89405423,,,
04.292,1.935746869,,,
04.294,1.89405423,,,
04.296,1.89405423,,,
04.298,1.831515272,,,
04.300,1.831515272,,,
04.302,1.831515272,,,
04.304,1.831515272,,,
04.306,1.956593189,,,
04.308,1.89405423,,,
04.310,1.852361591,,,
04.312,1.935746869,,,
04.314,1.977439508,,,
04.316,1.748129994,,,
04.318,1.748129994,,,
04.320,1.748129994,,,
04.322,1.748129994,,,
04.324,1.768976313,,,
04.326,1.789822633,,,
04.328,1.873207911,,,
04.330,1.873207911,,,
04.332,1.998285828,,,
04.334,2.019132147,,,
04.336,1.89405423,,,
04.338,1.831515272,,,
04.340,1.768976313,,,
04.342,1.706437355,,,
04.344,1.768976313,,,
04.346,1.91490055,,,
04.348,1.89405423,,,
04.350,1.89405423,,,
04.352,2.060824786,,,
04.354,1.998285828,,,
04.356,1.977439508,,,
04.358,1.998285828,,,
04.360,1.789822633,,,
04.362,1.748129994,,,
04.364,1.748129994,,,
04.366,1.89405423,,,
04.368,1.89405423,,,
04.370,1.89405423,,,
04.372,1.91490055,,,
04.374,1.873207911,,,
04.376,1.91490055,,,
04.378,1.852361591,,,
04.380,1.789822633,,,
04.382,1.789822633,,,
04.384,1.873207911,,,
04.386,1.935746869,,,
04.388,1.935746869,,,
04.390,2.019132147,,,
04.392,1.998285828,,,
04.394,1.956593189,,,
04.396,1.977439508,,,
04.398,2.060824786,,,
04.400,1.935746869,,,
04.402,1.91490055,,,
04.404,2.019132147,,,
04.406,2.081671106,,,
04.408,1.956593189,,,
04.410,2.081671106,,,
04.412,2.081671106,,,
04.414,1.977439508,,,
04.416,1.956593189,,,
04.418,1.998285828,,,
04.420,1.873207911,,,
04.422,1.998285828,,,
04.424,2.019132147,,,
04.426,2.060824786,,,
04.428,1.935746869,,,
04.430,1.998285828,,,
04.432,1.956593189,,,
04.434,1.998285828,,,
04.436,1.89405423,,,
04.438,1.873207911,,,
04.440,1.768976313,,,
04.442,1.852361591,,,
04.444,1.89405423,,,
04.446,1.91490055,,,
04.448,1.831515272,,,
04.450,1.89405423,,,
04.452,1.89405423,,,
04.454,1.89405423,,,
04.456,1.852361591,,,
04.458,1.956593189,,,
04.460,1.852361591,,,
04.462,1.89405423,,,
04.464,1.831515272,,,
04.466,1.810668952,,,
04.468,1.89405423,,,
04.470,1.89405423,,,
04.472,1.89405423,,,
04.474,1.831515272,,,
04.476,1.852361591,,,
04.478,1.852361591,,,
04.480,1.706437355,,,
04.482,1.789822633,,,
04.484,1.91490055,,,
04.486,1.831515272,,,
04.488,1.810668952,,,
04.490,2.039978467,,,
04.492,1.852361591,,,
04.494,1.810668952,,,
04.496,1.852361591,,,
04.498,1.789822633,,,
04.500,1.706437355,,,
04.502,1.852361591,,,
04.504,1.89405423,,,
04.506,1.91490055,,,
04.508,1.89405423,,,
04.510,1.998285828,,,
04.512,1.935746869,,,
04.514,1.956593189,,,
04.516,1.727283674,,,
04.518,1.643898396,,,
04.520,1.47712784,,,
04.522,1.539666799,,,
04.524,1.49797416,,,
04.526,1.581359438,,,
04.528,1.581359438,,,
04.530,1.748129994,,,
04.532,1.873207911,,,
04.534,2.039978467,,,
04.536,2.415212217,,,
04.538,2.70706069,,,
04.540,2.978062844,,,
04.542,3.290757636,,,
04.544,3.665991387,,,
04.546,3.93699354,,,
04.548,4.020378818,,,
04.550,3.93699354,,,
04.552,3.645145067,,,
04.554,3.061448121,,,
04.556,3.040601802,,,
04.558,3.040601802,,,
04.560,2.644521732,,,
04.562,2.352673259,,,
04.564,1.977439508,,,
04.566,1.623052077,,,
04.568,1.539666799,,,
04.570,1.560513118,,,
04.572,1.435435201,,,
04.574,1.539666799,,,
04.576,1.456281521,,,
04.578,1.372896243,,,
04.580,1.372896243,,,
04.582,1.47712784,,,
04.584,1.623052077,,,
04.586,1.852361591,,,
04.588,1.956593189,,,
04.590,1.91490055,,,
04.592,1.873207911,,,
04.594,1.873207911,,,
04.596,1.873207911,,,
04.598,1.831515272,,,
04.600,1.956593189,,,
04.602,1.977439508,,,
04.604,2.039978467,,,
04.606,2.102517425,,,
04.608,2.019132147,,,
04.610,2.019132147,,,
04.612,2.019132147,,,
04.614,1.935746869,,,
04.616,1.852361591,,,
04.618,1.91490055,,,
04.620,2.019132147,,,
04.622,2.019132147,,,
04.624,2.206749022,,,
04.626,2.227595342,,,
04.628,2.206749022,,,
04.630,2.102517425,,,
04.632,2.102517425,,,
04.634,1.977439508,,,
04.636,2.019132147,,,
04.638,2.019132147,,,
04.640,2.102517425,,,
04.642,2.102517425,,,
04.644,2.144210064,,,
04.646,2.144210064,,,
04.648,2.039978467,,,
04.650,2.123363745,,,
04.652,2.206749022,,,
04.654,2.144210064,,,
04.656,2.123363745,,,
04.658,2.123363745,,,
04.660,2.123363745,,,
04.662,1.998285828,,,
04.664,2.269287981,,,
04.666,2.2901343,,,
04.668,2.2901343,,,
04.670,2.144210064,,,
04.672,2.227595342,,,
04.674,2.060824786,,,
04.676,2.102517425,,,
04.678,2.206749022,,,
04.680,2.31098062,,,
04.682,2.269287981,,,
04.684,2.394365898,,,
04.686,2.415212217,,,
04.688,2.2901343,,,
04.690,2.123363745,,,
04.692,2.269287981,,,
04.694,2.269287981,,,
04.696,2.248441661,,,
04.698,2.373519578,,,
04.700,2.331826939,,,
04.702,2.352673259,,,
04.704,2.498597495,,,
04.706,2.436058537,,,
04.708,2.269287981,,,
04.710,2.185902703,,,
04.712,2.373519578,,,
04.714,2.206749022,,,
04.716,2.331826939,,,
04.718,2.331826939,,,
04.720,2.498597495,,,
04.722,2.477751176,,,
04.724,2.581982773,,,
04.726,2.602829093,,,
04.728,2.561136454,,,
04.730,2.581982773,,,
04.732,2.748753329,,,
04.734,2.561136454,,,
04.736,2.644521732,,,
04.738,2.644521732,,,
04.740,2.70706069,,,
04.742,2.72790701,,,
04.744,2.811292288,,,
04.746,2.769599649,,,
04.748,2.852984927,,,
04.750,2.790445968,,,
04.752,2.790445968,,,
04.754,2.665368051,,,
04.756,2.832138607,,,
04.758,2.915523885,,,
04.760,2.915523885,,,
04.762,2.915523885,,,
04.764,2.998909163,,,
04.766,2.978062844,,,
04.768,2.915523885,,,
04.770,2.894677566,,,
04.772,2.915523885,,,
04.774,2.873831246,,,
04.776,2.936370205,,,
04.778,2.998909163,,,
04.780,2.998909163,,,
04.782,3.019755483,,,
04.784,3.082294441,,,
04.786,2.998909163,,,
04.788,2.936370205,,,
04.790,2.894677566,,,
04.792,2.852984927,,,
04.794,2.72790701,,,
04.796,2.748753329,,,
04.798,2.644521732,,,
04.800,2.644521732,,,
04.802,2.644521732,,,
04.804,2.665368051,,,
04.806,2.540290134,,,
04.808,2.456904856,,,
04.810,2.331826939,,,
04.812,2.373519578,,,
04.814,2.269287981,,,
04.816,2.2901343,,,
04.818,2.2901343,,,
04.820,2.31098062,,,
04.822,2.31098062,,,
04.824,2.331826939,,,
04.826,2.2901343,,,
04.828,2.227595342,,,
04.830,2.165056384,,,
04.832,2.123363745,,,
04.834,1.89405423,,,
04.836,1.956593189,,,
04.838,2.019132147,,,
04.840,1.998285828,,,
04.842,1.998285828,,,
04.844,1.956593189,,,
04.846,2.039978467,,,
04.848,1.998285828,,,
04.850,1.873207911,,,
04.852,2.081671106,,,
04.854,2.039978467,,,
04.856,1.956593189,,,
04.858,1.956593189,,,
04.860,1.91490055,,,
04.862,1.956593189,,,
04.864,2.039978467,,,
04.866,1.956593189,,,
04.868,1.873207911,,,
04.870,1.977439508,,,
04.872,1.873207911,,,
04.874,1.89405423,,,
04.876,1.935746869,,,
04.878,1.935746869,,,
04.880,1.91490055,,,
04.882,1.935746869,,,
04.884,2.019132147,,,
04.886,1.91490055,,,
04.888,1.91490055,,,
04.890,2.039978467,,,
04.892,1.89405423,,,
04.894,1.89405423,,,
04.896,1.831515272,,,
04.898,1.89405423,,,
04.900,1.89405423,,,
04.902,1.956593189,,,
04.904,1.91490055,,,
04.906,1.873207911,,,
04.908,1.935746869,,,
04.910,2.019132147,,,
04.912,1.789822633,,,
04.914,1.852361591,,,
04.916,1.873207911,,,
04.918,2.019132147,,,
04.920,1.956593189,,,
04.922,1.956593189,,,
04.924,2.019132147,,,
04.926,1.91490055,,,
04.928,1.89405423,,,
04.930,1.91490055,,,
04.932,1.89405423,,,
04.934,1.810668952,,,
04.936,1.810668952,,,
04.938,1.977439508,,,
04.940,1.935746869,,,
04.942,2.081671106,,,
04.944,1.977439508,,,
04.946,1.935746869,,,
04.948,1.89405423,,,
04.950,1.935746869,,,
04.952,1.935746869,,,
04.954,1.89405423,,,
04.956,1.89405423,,,
04.958,1.998285828,,,
04.960,1.935746869,,,
04.962,2.102517425,,,
04.964,2.081671106,,,
04.966,2.039978467,,,
04.968,1.852361591,,,
04.970,1.852361591,,,
04.972,1.810668952,,,
04.974,1.810668952,,,
04.976,1.977439508,,,
04.978,1.977439508,,,
04.980,1.977439508,,,
04.982,2.248441661,,,
04.984,2.248441661,,,
04.986,2.165056384,,,
04.988,1.956593189,,,
04.990,1.956593189,,,
04.992,1.768976313,,,
04.994,1.873207911,,,
04.996,1.89405423,,,
04.998,2.039978467,,,
05.000,1.956593189,,,
05.002,2.185902703,,,
05.004,2.165056384,,,
05.006,2.060824786,,,
05.008,1.956593189,,,
05.010,1.977439508,,,
05.012,1.873207911,,,
05.014,1.873207911,,,
05.016,1.873207911,,,
05.018,1.873207911,,,
05.020,1.998285828,,,
05.022,2.144210064,,,
05.024,2.123363745,,,
05.026,2.081671106,,,
05.028,1.956593189,,,
05.030,1.977439508,,,
05.032,1.89405423,,,
05.034,1.935746869,,,
05.036,1.956593189,,,
05.038,1.998285828,,,
05.040,1.998285828,,,
05.042,2.019132147,,,
05.044,2.019132147,,,
05.046,1.977439508,,,
05.048,1.956593189,,,
05.050,1.998285828,,,
05.052,1.852361591,,,
05.054,1.935746869,,,
05.056,1.89405423,,,
05.058,1.89405423,,,
05.060,1.852361591,,,
05.062,2.144210064,,,
05.064,2.081671106,,,
05.066,1.935746869,,,
05.068,1.998285828,,,
05.070,1.89405423,,,
05.072,1.748129994,,,
05.074,1.768976313,,,
05.076,1.852361591,,,
05.078,1.89405423,,,
05.080,1.89405423,,,
05.082,1.91490055,,,
05.084,1.998285828,,,
05.086,1.998285828,,,
05.088,1.935746869,,,
05.090,2.039978467,,,
05.092,1.810668952,,,
05.094,1.91490055,,,
05.096,2.019132147,,,
05.098,1.998285828,,,
05.100,1.998285828,,,
05.102,2.144210064,,,
05.104,2.039978467,,,
05.106,1.873207911,,,
05.108,1.873207911,,,
05.110,1.956593189,,,
05.112,1.852361591,,,
05.114,1.873207911,,,
05.116,1.789822633,,,
05.118,1.89405423,,,
05.120,1.977439508,,,
05.122,2.102517425,,,
05.124,1.91490055,,,
05.126,1.852361591,,,
05.128,1.956593189,,,
05.130,1.935746869,,,
05.132,1.89405423,,,
05.134,1.956593189,,,
05.136,1.935746869,,,
05.138,1.977439508,,,
05.140,2.060824786,,,
05.142,2.039978467,,,
05.144,1.935746869,,,
05.146,1.852361591,,,
05.148,1.91490055,,,
05.150,1.91490055,,,
05.152,1.935746869,,,
05.154,1.956593189,,,
05.156,1.935746869,,,
05.158,1.998285828,,,
05.160,2.081671106,,,
05.162,2.081671106,,,
05.164,2.081671106,,,
05.166,1.998285828,,,
05.168,1.998285828,,,
05.170,1.956593189,,,
05.172,1.852361591,,,
05.174,2.081671106,,,
05.176,2.102517425,,,
05.178,2.081671106,,,
05.180,2.123363745,,,
05.182,2.123363745,,,
05.184,2.019132147,,,
05.186,2.060824786,,,
05.188,2.060824786,,,
05.190,1.956593189,,,
05.192,1.91490055,,,
05.194,2.081671106,,,
05.196,1.977439508,,,
05.198,1.956593189,,,
05.200,2.019132147,,,
05.202,2.060824786,,,
05.204,2.060824786,,,
05.206,2.039978467,,,
05.208,2.123363745,,,
05.210,2.102517425,,,
05.212,2.081671106,,,
05.214,2.144210064,,,
05.216,2.2901343,,,
05.218,2.269287981,,,
05.220,2.2901343,,,
05.222,2.102517425,,,
05.224,1.977439508,,,
05.226,2.060824786,,,
05.228,2.123363745,,,
05.230,2.081671106,,,
05.232,2.081671106,,,
05.234,2.123363745,,,
05.236,2.206749022,,,
05.238,2.039978467,,,
05.240,2.248441661,,,
05.242,2.227595342,,,
05.244,2.227595342,,,
05.246,2.165056384,,,
05.248,2.144210064,,,
05.250,1.91490055,,,
05.252,1.998285828,,,
05.254,2.102517425,,,
05.256,2.102517425,,,
05.258,2.081671106,,,
05.260,2.185902703,,,
05.262,2.019132147,,,
05.264,2.019132147,,,
05.266,1.935746869,,,
05.268,1.935746869,,,
05.270,1.873207911,,,
05.272,1.89405423,,,
05.274,2.060824786,,,
05.276,2.185902703,,,
05.278,2.039978467,,,
05.280,2.227595342,,,
05.282,2.081671106,,,
05.284,2.081671106,,,
05.286,2.039978467,,,
05.288,2.081671106,,,
05.290,1.873207911,,,
05.292,1.977439508,,,
05.294,1.935746869,,,
05.296,2.144210064,,,
05.298,1.998285828,,,
05.300,1.998285828,,,
05.302,2.081671106,,,
05.304,1.956593189,,,
05.306,1.810668952,,,
05.308,1.956593189,,,
05.310,1.89405423,,,
05.312,1.89405423,,,
05.314,1.89405423,,,
05.316,2.060824786,,,
05.318,1.977439508,,,
05.320,2.081671106,,,
05.322,1.977439508,,,
05.324,1.91490055,,,
05.326,1.831515272,,,
05.328,1.91490055,,,
05.330,1.831515272,,,
05.332,1.831515272,,,
05.334,1.852361591,,,
05.336,1.873207911,,,
05.338,1.768976313,,,
05.340,1.831515272,,,
05.342,1.810668952,,,
05.344,1.685591035,,,
05.346,1.623052077,,,
05.348,1.768976313,,,
05.350,1.852361591,,,
05.352,2.123363745,,,
05.354,2.415212217,,,
05.356,2.769599649,,,
05.358,3.12398708,,,
05.360,3.582606109,,,
05.362,3.853608262,,,
05.364,4.020378818,,,
05.366,4.062071457,,,
05.368,3.728530345,,,
05.370,3.374142914,,,
05.372,3.061448121,,,
05.374,3.12398708,,,
05.376,3.144833399,,,
05.378,2.936370205,,,
05.380,2.623675412,,,
05.382,2.060824786,,,
05.384,1.49797416,,,
05.386,1.435435201,,,
05.388,1.352049923,,,
05.390,1.331203604,,,
05.392,1.435435201,,,
05.394,1.539666799,,,
05.396,1.643898396,,,
05.398,1.643898396,,,
05.400,1.810668952,,,
05.402,1.810668952,,,
05.404,1.768976313,,,
05.406,1.852361591,,,
05.408,1.935746869,,,
05.410,1.810668952,,,
05.412,1.831515272,,,
05.414,1.998285828,,,
05.416,1.998285828,,,
05.418,2.081671106,,,
05.420,2.102517425,,,
05.422,2.102517425,,,
05.424,2.185902703,,,
05.426,2.102517425,,,
05.428,2.060824786,,,
05.430,1.998285828,,,
05.432,2.081671106,,,
05.434,2.144210064,,,
05.436,2.102517425,,,
05.438,2.123363745,,,
05.440,2.123363745,,,
05.442,2.019132147,,,
05.444,1.977439508,,,
05.446,2.060824786,,,
05.448,2.102517425,,,
05.450,2.060824786,,,
05.452,2.144210064,,,
05.454,2.165056384,,,
05.456,2.144210064,,,
05.458,2.248441661,,,
05.460,2.165056384,,,
05.462,2.123363745,,,
05.464,2.102517425,,,
05.466,2.227595342,,,
05.468,2.102517425,,,
05.470,2.185902703,,,
05.472,2.144210064,,,
05.474,2.227595342,,,
05.476,2.165056384,,,
05.478,2.227595342,,,
05.480,2.269287981,,,
05.482,2.206749022,,,
05.484,2.185902703,,,
05.486,2.248441661,,,
05.488,2.227595342,,,
05.490,2.123363745,,,
05.492,2.123363745,,,
05.494,2.144210064,,,
05.496,2.248441661,,,
05.498,2.373519578,,,
05.500,2.248441661,,,
05.502,2.123363745,,,
05.504,2.185902703,,,
05.506,2.185902703,,,
05.508,2.185902703,,,
05.510,2.227595342,,,
05.512,2.31098062,,,
05.514,2.31098062,,,
05.516,2.248441661,,,
05.518,2.373519578,,,
05.520,2.2901343,,,
05.522,2.331826939,,,
05.524,2.269287981,,,
05.526,2.31098062,,,
05.528,2.227595342,,,
05.530,2.31098062,,,
05.532,2.352673259,,,
05.534,2.352673259,,,
05.536,2.331826939,,,
05.538,2.581982773,,,
05.540,2.561136454,,,
05.542,2.415212217,,,
05.544,2.394365898,,,
05.546,2.540290134,,,
05.548,2.331826939,,,
05.550,2.394365898,,,
05.552,2.477751176,,,
05.554,2.581982773,,,
05.556,2.477751176,,,
05.558,2.665368051,,,
05.560,2.665368051,,,
05.562,2.623675412,,,
05.564,2.623675412,,,
05.566,2.623675412,,,
05.568,2.519443815,,,
05.570,2.519443815,,,
05.572,2.686214371,,,
05.574,2.769599649,,,
05.576,2.790445968,,,
05.578,2.894677566,,,
05.580,2.852984927,,,
05.582,2.873831246,,,
05.584,2.873831246,,,
05.586,2.915523885,,,
05.588,2.873831246,,,
05.590,2.873831246,,,
05.592,2.957216524,,,
05.594,3.061448121,,,
05.596,3.040601802,,,
05.598,3.082294441,,,
05.600,2.978062844,,,
05.602,3.019755483,,,
05.604,3.019755483,,,
05.606,3.019755483,,,
05.608,2.894677566,,,
05.610,3.040601802,,,
05.612,3.061448121,,,
05.614,3.12398708,,,
05.616,3.165679719,,,
05.618,3.290757636,,,
05.620,3.165679719,,,
05.622,3.10314076,,,
05.624,3.082294441,,,
05.626,3.12398708,,,
05.628,2.957216524,,,
05.630,3.040601802,,,
05.632,3.040601802,,,
05.634,2.957216524,,,
05.636,2.936370205,,,
05.638,3.186526038,,,
05.640,3.040601802,,,
05.642,2.832138607,,,
05.644,2.70706069,,,
05.646,2.790445968,,,
05.648,2.602829093,,,
05.650,2.519443815,,,
05.652,2.477751176,,,
05.654,2.581982773,,,
05.656,2.498597495,,,
05.658,2.540290134,,,
05.660,2.540290134,,,
05.662,2.498597495,,,
05.664,2.456904856,,,
05.666,2.373519578,,,
05.668,2.269287981,,,
05.670,2.2901343,,,
05.672,2.227595342,,,
05.674,2.31098062,,,
05.676,2.206749022,,,
05.678,2.2901343,,,
05.680,2.206749022,,,
05.682,2.144210064,,,
05.684,2.123363745,,,
05.686,2.102517425,,,
05.688,2.102517425,,,
05.690,2.081671106,,,
05.692,2.081671106,,,
05.694,2.081671106,,,
05.696,2.206749022,,,
05.698,2.165056384,,,
05.700,2.123363745,,,
05.702,2.102517425,,,
05.704,2.123363745,,,
05.706,2.060824786,,,
05.708,2.123363745,,,
05.710,2.102517425,,,
05.712,2.060824786,,,
05.714,2.019132147,,,
05.716,2.060824786,,,
05.718,2.206749022,,,
05.720,2.123363745,,,
05.722,2.081671106,,,
05.724,2.144210064,,,
05.726,1.977439508,,,
05.728,1.977439508,,,
05.730,2.060824786,,,
05.732,2.060824786,,,
05.734,2.060824786,,,
05.736,2.123363745,,,
05.738,2.248441661,,,
05.740,2.206749022,,,
05.742,2.019132147,,,
05.744,2.039978467,,,
05.746,1.977439508,,,
05.748,1.89405423,,,
05.750,1.89405423,,,
05.752,2.039978467,,,
05.754,2.039978467,,,
05.756,2.165056384,,,
05.758,2.060824786,,,
05.760,2.123363745,,,
05.762,2.102517425,,,
05.764,2.039978467,,,
05.766,2.019132147,,,
05.768,2.019132147,,,
05.770,2.144210064,,,
05.772,2.144210064,,,
05.774,2.039978467,,,
05.776,2.206749022,,,
05.778,2.144210064,,,
05.780,2.123363745,,,
05.782,2.102517425,,,
05.784,2.144210064,,,
05.786,2.060824786,,,
05.788,2.039978467,,,
05.790,2.102517425,,,
05.792,2.102517425,,,
05.794,2.060824786,,,
05.796,2.123363745,,,
05.798,2.123363745,,,
05.800,2.102517425,,,
05.802,2.102517425,,,
05.804,2.206749022,,,
05.806,2.019132147,,,
05.808,2.165056384,,,
05.810,2.206749022,,,
05.812,2.206749022,,,
05.814,2.206749022,,,
05.816,2.248441661,,,
05.818,2.185902703,,,
05.820,2.102517425,,,
05.822,2.081671106,,,
05.824,2.206749022,,,
05.826,2.039978467,,,
05.828,2.081671106,,,
05.830,2.185902703,,,
05.832,2.185902703,,,
05.834,2.144210064,,,
05.836,2.331826939,,,
05.838,2.248441661,,,
05.840,2.165056384,,,
05.842,2.248441661,,,
05.844,2.352673259,,,
05.846,2.081671106,,,
05.848,2.039978467,,,
05.850,2.165056384,,,
05.852,2.248441661,,,
05.854,2.206749022,,,
05.856,2.31098062,,,
05.858,2.31098062,,,
05.860,2.269287981,,,
05.862,2.185902703,,,
05.864,2.248441661,,,
05.866,2.123363745,,,
05.868,1.998285828,,,
05.870,2.060824786,,,
05.872,2.102517425,,,
05.874,2.165056384,,,
05.876,2.2901343,,,
05.878,2.123363745,,,
05.880,2.144210064,,,
05.882,2.165056384,,,
05.884,2.102517425,,,
05.886,1.977439508,,,
05.888,1.977439508,,,
05.890,1.998285828,,,
05.892,2.019132147,,,
05.894,1.998285828,,,
05.896,2.206749022,,,
05.898,2.165056384,,,
05.900,2.081671106,,,
05.902,2.039978467,,,
05.904,2.144210064,,,
05.906,2.102517425,,,
05.908,2.102517425,,,
05.910,2.102517425,,,
05.912,2.081671106,,,
05.914,2.060824786,,,
05.916,2.165056384,,,
05.918,2.144210064,,,
05.920,2.123363745,,,
05.922,2.227595342,,,
05.924,2.248441661,,,
05.926,2.039978467,,,
05.928,1.977439508,,,
05.930,2.039978467,,,
05.932,2.019132147,,,
05.934,2.019132147,,,
05.936,2.185902703,,,
05.938,2.248441661,,,
05.940,2.165056384,,,
05.942,2.123363745,,,
05.944,2.123363745,,,
05.946,2.102517425,,,
05.948,2.060824786,,,
05.950,2.102517425,,,
05.952,2.060824786,,,
05.954,2.060824786,,,
05.956,2.123363745,,,
05.958,2.123363745,,,
05.960,2.123363745,,,
05.962,2.123363745,,,
05.964,2.039978467,,,
05.966,2.039978467,,,
05.968,2.039978467,,,
05.970,1.998285828,,,
05.972,2.144210064,,,
05.974,2.206749022,,,
05.976,2.227595342,,,
05.978,2.102517425,,,
05.980,2.081671106,,,
05.982,2.081671106,,,
05.984,2.060824786,,,
05.986,1.977439508,,,
05.988,2.123363745,,,
05.990,2.269287981,,,
05.992,2.269287981,,,
05.994,2.269287981,,,
05.996,2.2901343,,,
05.998,2.227595342,,,
06.000,2.123363745,,,
06.002,2.102517425,,,
06.004,2.123363745,,,
06.006,1.977439508,,,
06.008,1.977439508,,,
06.010,2.039978467,,,
06.012,2.060824786,,,
06.014,2.102517425,,,
06.016,2.102517425,,,
06.018,2.081671106,,,
06.020,2.144210064,,,
06.022,2.144210064,,,
06.024,2.248441661,,,
06.026,2.206749022,,,
06.028,2.185902703,,,
06.030,2.185902703,,,
06.032,1.998285828,,,
06.034,2.102517425,,,
06.036,2.2901343,,,
06.038,2.227595342,,,
06.040,2.144210064,,,
06.042,2.269287981,,,
06.044,2.165056384,,,
06.046,2.269287981,,,
06.048,2.31098062,,,
06.050,2.269287981,,,
06.052,2.269287981,,,
06.054,2.352673259,,,
06.056,2.373519578,,,
06.058,2.394365898,,,
06.060,2.352673259,,,
06.062,2.227595342,,,
06.064,2.144210064,,,
06.066,2.31098062,,,
06.068,2.436058537,,,
06.070,2.436058537,,,
06.072,2.31098062,,,
06.074,2.477751176,,,
06.076,2.373519578,,,
06.078,2.31098062,,,
06.080,2.415212217,,,
06.082,2.352673259,,,
06.084,2.248441661,,,
06.086,2.331826939,,,
06.088,2.331826939,,,
06.090,2.373519578,,,
06.092,2.373519578,,,
06.094,2.519443815,,,
06.096,2.2901343,,,
06.098,2.206749022,,,
06.100,2.269287981,,,
06.102,2.331826939,,,
06.104,2.227595342,,,
06.106,2.227595342,,,
06.108,2.227595342,,,
06.110,2.248441661,,,
06.112,2.144210064,,,
06.114,2.331826939,,,
06.116,2.2901343,,,
06.118,2.2901343,,,
06.120,2.206749022,,,
06.122,2.269287981,,,
06.124,2.144210064,,,
06.126,2.185902703,,,
06.128,2.2901343,,,
06.130,2.2901343,,,
06.132,2.206749022,,,
06.134,2.248441661,,,
06.136,2.165056384,,,
06.138,2.081671106,,,
06.140,2.185902703,,,
06.142,2.185902703,,,
06.144,2.144210064,,,
06.146,2.144210064,,,
06.148,2.144210064,,,
06.150,2.227595342,,,
06.152,2.165056384,,,
06.154,2.2901343,,,
06.156,2.206749022,,,
06.158,2.165056384,,,
06.160,2.165056384,,,
06.162,2.248441661,,,
06.164,2.081671106,,,
06.166,2.123363745,,,
06.168,2.081671106,,,
06.170,2.185902703,,,
06.172,2.206749022,,,
06.174,2.2901343,,,
06.176,2.248441661,,,
06.178,2.081671106,,,
06.180,1.998285828,,,
06.182,2.019132147,,,
06.184,1.831515272,,,
06.186,1.831515272,,,
06.188,1.768976313,,,
06.190,1.89405423,,,
06.192,1.977439508,,,
06.194,2.477751176,,,
06.196,2.70706069,,,
06.198,2.978062844,,,
06.200,3.10314076,,,
06.202,3.228218677,,,
06.204,3.52006715,,,
06.206,3.999532498,,,
06.208,4.145456735,,,
06.210,4.145456735,,,
06.212,3.93699354,,,
06.214,3.728530345,,,
06.216,3.415835553,,,
06.218,3.311603955,,,
06.220,3.311603955,,,
06.222,2.915523885,,,
06.224,2.415212217,,,
06.226,1.935746869,,,
06.228,1.581359438,,,
06.230,1.664744716,,,
06.232,1.685591035,,,
06.234,1.748129994,,,
06.236,1.852361591,,,
06.238,1.810668952,,,
06.240,1.789822633,,,
06.242,1.810668952,,,
06.244,1.789822633,,,
06.246,1.89405423,,,
06.248,1.977439508,,,
06.250,1.977439508,,,
06.252,1.977439508,,,
06.254,2.248441661,,,
06.256,2.227595342,,,
06.258,2.2901343,,,
06.260,2.227595342,,,
06.262,2.185902703,,,
06.264,2.185902703,,,
06.266,2.206749022,,,
06.268,2.206749022,,,
06.270,2.123363745,,,
06.272,2.415212217,,,
06.274,2.415212217,,,
06.276,2.415212217,,,
06.278,2.2901343,,,
06.280,2.2901343,,,
06.282,2.248441661,,,
06.284,2.227595342,,,
06.286,2.227595342,,,
06.288,2.31098062,,,
06.290,2.394365898,,,
06.292,2.477751176,,,
06.294,2.456904856,,,
06.296,2.436058537,,,
06.298,2.394365898,,,
06.300,2.331826939,,,
06.302,2.31098062,,,
06.304,2.2901343,,,
06.306,2.269287981,,,
06.308,2.331826939,,,
06.310,2.331826939,,,
06.312,2.331826939,,,
06.314,2.352673259,,,
06.316,2.373519578,,,
06.318,2.269287981,,,
06.320,2.456904856,,,
06.322,2.352673259,,,
06.324,2.2901343,,,
06.326,2.352673259,,,
06.328,2.373519578,,,
06.330,2.373519578,,,
06.332,2.436058537,,,
06.334,2.373519578,,,
06.336,2.352673259,,,
06.338,2.352673259,,,
06.340,2.477751176,,,
06.342,2.2901343,,,
06.344,2.331826939,,,
06.346,2.394365898,,,
06.348,2.456904856,,,
06.350,2.456904856,,,
06.352,2.581982773,,,
06.354,2.456904856,,,
06.356,2.498597495,,,
06.358,2.415212217,,,
06.360,2.540290134,,,
06.362,2.477751176,,,
06.364,2.477751176,,,
06.366,2.623675412,,,
06.368,2.623675412,,,
06.370,2.477751176,,,
06.372,2.686214371,,,
06.374,2.665368051,,,
06.376,2.686214371,,,
06.378,2.686214371,,,
06.380,2.686214371,,,
06.382,2.561136454,,,
06.384,2.540290134,,,
06.386,2.665368051,,,
06.388,2.769599649,,,
06.390,2.769599649,,,
06.392,2.790445968,,,
06.394,2.72790701,,,
06.396,2.72790701,,,
06.398,2.70706069,,,
06.400,2.686214371,,,
06.402,2.70706069,,,
06.404,2.769599649,,,
06.406,2.70706069,,,
06.408,2.852984927,,,
06.410,2.894677566,,,
06.412,2.894677566,,,
06.414,2.852984927,,,
06.416,2.894677566,,,
06.418,2.915523885,,,
06.420,2.957216524,,,
06.422,2.894677566,,,
06.424,2.998909163,,,
06.426,3.12398708,,,
06.428,3.144833399,,,
06.430,3.040601802,,,
06.432,3.249064997,,,
06.434,3.082294441,,,
06.436,3.165679719,,,
06.438,3.12398708,,,
06.440,3.165679719,,,
06.442,3.10314076,,,
06.444,3.290757636,,,
06.446,3.374142914,,,
06.448,3.394989233,,,
06.450,3.353296594,,,
06.452,3.394989233,,,
06.454,3.394989233,,,
06.456,3.332450275,,,
06.458,3.353296594,,,
06.460,3.332450275,,,
06.462,3.186526038,,,
06.464,3.165679719,,,
06.466,3.374142914,,,
06.468,3.228218677,,,
06.470,3.394989233,,,
06.472,3.603452428,,,
06.474,3.436681872,,,
06.476,3.207372358,,,
06.478,3.144833399,,,
06.480,3.207372358,,,
06.482,3.082294441,,,
06.484,3.082294441,,,
06.486,3.12398708,,,
06.488,3.019755483,,,
06.490,2.998909163,,,
06.492,2.998909163,,,
06.494,2.978062844,,,
06.496,2.873831246,,,
06.498,2.769599649,,,
06.500,2.581982773,,,
06.502,2.540290134,,,
06.504,2.561136454,,,
06.506,2.561136454,,,
06.508,2.644521732,,,
06.510,2.748753329,,,
06.512,2.748753329,,,
06.514,2.602829093,,,
06.516,2.581982773,,,
06.518,2.477751176,,,
06.520,2.415212217,,,
06.522,2.415212217,,,
06.524,2.373519578,,,
06.526,2.373519578,,,
06.528,2.394365898,,,
06.530,2.519443815,,,
06.532,2.519443815,,,
06.534,2.456904856,,,
06.536,2.415212217,,,
06.538,2.456904856,,,
06.540,2.206749022,,,
06.542,2.248441661,,,
06.544,2.227595342,,,
06.546,2.2901343,,,
06.548,2.31098062,,,
06.550,2.394365898,,,
06.552,2.436058537,,,
06.554,2.394365898,,,
06.556,2.352673259,,,
06.558,2.31098062,,,
06.560,2.227595342,,,
06.562,2.206749022,,,
06.564,2.248441661,,,
06.566,2.248441661,,,
06.568,2.248441661,,,
06.570,2.248441661,,,
06.572,2.248441661,,,
06.574,2.185902703,,,
06.576,2.31098062,,,
06.578,2.352673259,,,
06.580,2.206749022,,,
06.582,2.269287981,,,
06.584,2.269287981,,,
06.586,2.227595342,,,
06.588,2.269287981,,,
06.590,2.477751176,,,
06.592,2.415212217,,,
06.594,2.373519578,,,
06.596,2.269287981,,,
06.598,2.2901343,,,
06.600,2.227595342,,,
06.602,2.269287981,,,
06.604,2.206749022,,,
06.606,2.331826939,,,
06.608,2.331826939,,,
06.610,2.436058537,,,
06.612,2.373519578,,,
06.614,2.373519578,,,
06.616,2.331826939,,,
06.618,2.436058537,,,
06.620,2.352673259,,,
06.622,2.352673259,,,
06.624,2.352673259,,,
06.626,2.498597495,,,
06.628,2.436058537,,,
06.630,2.477751176,,,
06.632,2.436058537,,,
06.634,2.352673259,,,
06.636,2.248441661,,,
06.638,2.331826939,,,
06.640,2.31098062,,,
06.642,2.31098062,,,
06.644,2.373519578,,,
06.646,2.436058537,,,
06.648,2.436058537,,,
06.650,2.623675412,,,
06.652,2.540290134,,,
06.654,2.394365898,,,
06.656,2.352673259,,,
06.658,2.498597495,,,
06.660,2.352673259,,,
06.662,2.373519578,,,
06.664,2.352673259,,,
06.666,2.352673259,,,
06.668,2.269287981,,,
06.670,2.436058537,,,
06.672,2.456904856,,,
06.674,2.498597495,,,
06.676,2.415212217,,,
06.678,2.456904856,,,
06.680,2.352673259,,,
06.682,2.352673259,,,
06.684,2.394365898,,,
06.686,2.352673259,,,
06.688,2.373519578,,,
06.690,2.477751176,,,
06.692,2.394365898,,,
06.694,2.394365898,,,
06.696,2.331826939,,,
06.698,2.456904856,,,
06.700,2.331826939,,,
06.702,2.331826939,,,
06.704,2.352673259,,,
06.706,2.436058537,,,
06.708,2.2901343,,,
06.710,2.373519578,,,
06.712,2.352673259,,,
06.714,2.352673259,,,
06.716,2.352673259,,,
06.718,2.415212217,,,
06.720,2.2901343,,,
06.722,2.2901343,,,
06.724,2.269287981,,,
06.726,2.436058537,,,
06.728,2.436058537,,,
06.730,2.436058537,,,
06.732,2.394365898,,,
06.734,2.373519578,,,
06.736,2.331826939,,,
06.738,2.331826939,,,
06.740,2.165056384,,,
06.742,2.248441661,,,
06.744,2.352673259,,,
06.746,2.373519578,,,
06.748,2.31098062,,,
06.750,2.415212217,,,
06.752,2.456904856,,,
06.754,2.415212217,,,
06.756,2.373519578,,,
06.758,2.352673259,,,
06.760,2.165056384,,,
06.762,2.185902703,,,
06.764,2.248441661,,,
06.766,2.31098062,,,
06.768,2.2901343,,,
06.770,2.456904856,,,
06.772,2.373519578,,,
06.774,2.269287981,,,
06.776,2.2901343,,,
06.778,2.331826939,,,
06.780,2.227595342,,,
06.782,2.248441661,,,
06.784,2.31098062,,,
06.786,2.2901343,,,
06.788,2.373519578,,,
06.790,2.477751176,,,
06.792,2.394365898,,,
06.794,2.331826939,,,
06.796,2.331826939,,,
06.798,2.331826939,,,
06.800,2.227595342,,,
06.802,2.2901343,,,
06.804,2.269287981,,,
06.806,2.331826939,,,
06.808,2.352673259,,,
06.810,2.436058537,,,
06.812,2.394365898,,,
06.814,2.415212217,,,
06.816,2.373519578,,,
06.818,2.373519578,,,
06.820,2.352673259,,,
06.822,2.352673259,,,
06.824,2.352673259,,,
06.826,2.331826939,,,
06.828,2.352673259,,,
06.830,2.373519578,,,
06.832,2.415212217,,,
06.834,2.477751176,,,
06.836,2.477751176,,,
06.838,2.352673259,,,
06.840,2.394365898,,,
06.842,2.456904856,,,
06.844,2.477751176,,,
06.846,2.477751176,,,
06.848,2.519443815,,,
06.850,2.519443815,,,
06.852,2.436058537,,,
06.854,2.415212217,,,
06.856,2.477751176,,,
06.858,2.373519578,,,
06.860,2.456904856,,,
06.862,2.456904856,,,
06.864,2.436058537,,,
06.866,2.456904856,,,
06.868,2.602829093,,,
06.870,2.561136454,,,
06.872,2.477751176,,,
06.874,2.436058537,,,
06.876,2.415212217,,,
06.878,2.373519578,,,
06.880,2.352673259,,,
06.882,2.352673259,,,
06.884,2.373519578,,,
06.886,2.373519578,,,
06.888,2.436058537,,,
06.890,2.415212217,,,
06.892,2.2901343,,,
06.894,2.248441661,,,
06.896,2.331826939,,,
06.898,2.269287981,,,
06.900,2.248441661,,,
06.902,2.2901343,,,
06.904,2.2901343,,,
06.906,2.2901343,,,
06.908,2.352673259,,,
06.910,2.373519578,,,
06.912,2.206749022,,,
06.914,2.227595342,,,
06.916,2.269287981,,,
06.918,2.060824786,,,
06.920,2.2901343,,,
06.922,2.2901343,,,
06.924,2.2901343,,,
06.926,2.165056384,,,
06.928,2.415212217,,,
06.930,2.31098062,,,
06.932,2.269287981,,,
06.934,2.206749022,,,
06.936,2.248441661,,,
06.938,2.206749022,,,
06.940,2.227595342,,,
06.942,2.227595342,,,
06.944,2.415212217,,,
06.946,2.2901343,,,
06.948,2.373519578,,,
06.950,2.373519578,,,
06.952,2.352673259,,,
06.954,2.352673259,,,
06.956,2.373519578,,,
06.958,2.060824786,,,
06.960,2.144210064,,,
06.962,2.31098062,,,
06.964,2.2901343,,,
06.966,2.144210064,,,
06.968,2.185902703,,,
06.970,2.102517425,,,
06.972,2.039978467,,,
06.974,1.852361591,,,
06.976,1.956593189,,,
06.978,2.123363745,,,
06.980,2.2901343,,,
06.982,2.602829093,,,
06.984,2.873831246,,,
06.986,3.186526038,,,
06.988,3.707684026,,,
06.990,4.020378818,,,
06.992,4.312227291,,,
06.994,4.291380971,,,
06.996,4.228842013,,,
06.998,3.832761943,,,
07.000,3.54091347,,,
07.002,3.353296594,,,
07.004,3.457528192,,,
07.006,3.332450275,,,
07.008,3.12398708,,,
07.010,2.72790701,,,
07.012,2.227595342,,,
07.014,1.748129994,,,
07.016,1.831515272,,,
07.018,1.748129994,,,
07.020,1.706437355,,,
07.022,1.810668952,,,
07.024,1.873207911,,,
07.026,1.873207911,,,
07.028,1.998285828,,,
07.030,2.060824786,,,
07.032,2.060824786,,,
07.034,2.123363745,,,
07.036,2.185902703,,,
07.038,2.102517425,,,
07.040,2.165056384,,,
07.042,2.373519578,,,
07.044,2.415212217,,,
07.046,2.498597495,,,
07.048,2.498597495,,,
07.050,2.498597495,,,
07.052,2.456904856,,,
07.054,2.456904856,,,
07.056,2.456904856,,,
07.058,2.394365898,,,
07.060,2.394365898,,,
07.062,2.498597495,,,
07.064,2.498597495,,,
07.066,2.477751176,,,
07.068,2.540290134,,,
07.070,2.540290134,,,
07.072,2.477751176,,,
07.074,2.477751176,,,
07.076,2.498597495,,,
07.078,2.477751176,,,
07.080,2.477751176,,,
07.082,2.602829093,,,
07.084,2.70706069,,,
07.086,2.70706069,,,
07.088,2.581982773,,,
07.090,2.477751176,,,
07.092,2.540290134,,,
07.094,2.519443815,,,
07.096,2.498597495,,,
07.098,2.498597495,,,
07.100,2.623675412,,,
07.102,2.623675412,,,
07.104,2.644521732,,,
07.106,2.644521732,,,
07.108,2.623675412,,,
07.110,2.623675412,,,
07.112,2.498597495,,,
07.114,2.561136454,,,
07.116,2.561136454,,,
07.118,2.519443815,,,
07.120,2.623675412,,,
07.122,2.602829093,,,
07.124,2.72790701,,,
07.126,2.748753329,,,
07.128,2.72790701,,,
07.130,2.665368051,,,
07.132,2.644521732,,,
07.134,2.72790701,,,
07.136,2.665368051,,,
07.138,2.665368051,,,
07.140,2.581982773,,,
07.142,2.72790701,,,
07.144,2.72790701,,,
07.146,2.769599649,,,
07.148,2.769599649,,,
07.150,2.748753329,,,
07.152,2.748753329,,,
07.154,2.748753329,,,
07.156,2.623675412,,,
07.158,2.70706069,,,
07.160,2.832138607,,,
07.162,2.852984927,,,
07.164,2.790445968,,,
07.166,2.957216524,,,
07.168,2.957216524,,,
07.170,2.894677566,,,
07.172,2.894677566,,,
07.174,2.936370205,,,
07.176,2.894677566,,,
07.178,2.894677566,,,
07.180,2.915523885,,,
07.182,2.915523885,,,
07.184,2.957216524,,,
07.186,3.144833399,,,
07.188,2.957216524,,,
07.190,3.040601802,,,
07.192,2.894677566,,,
07.194,3.082294441,,,
07.196,3.061448121,,,
07.198,3.10314076,,,
07.200,3.207372358,,,
07.202,3.165679719,,,
07.204,3.165679719,,,
07.206,3.165679719,,,
07.208,3.228218677,,,
07.210,3.228218677,,,
07.212,3.228218677,,,
07.214,3.332450275,,,
07.216,3.186526038,,,
07.218,3.269911316,,,
07.220,3.374142914,,,
07.222,3.394989233,,,
07.224,3.499220831,,,
07.226,3.624298748,,,
07.228,3.582606109,,,
07.230,3.603452428,,,
07.232,3.54091347,,,
07.234,3.54091347,,,
07.236,3.374142914,,,
07.238,3.436681872,,,
07.240,3.415835553,,,
07.242,3.499220831,,,
07.244,3.499220831,,,
07.246,3.561759789,,,
07.248,3.582606109,,,
07.250,3.499220831,,,
07.252,3.457528192,,,
07.254,3.478374511,,,
07.256,3.374142914,,,
07.258,3.394989233,,,
07.260,3.394989233,,,
07.262,3.52006715,,,
07.264,3.394989233,,,
07.266,3.457528192,,,
07.268,3.457528192,,,
07.270,3.374142914,,,
07.272,3.269911316,,,
07.274,3.269911316,,,
07.276,2.957216524,,,
07.278,2.915523885,,,
07.280,2.978062844,,,
07.282,2.894677566,,,
07.284,2.832138607,,,
07.286,2.915523885,,,
07.288,2.769599649,,,
07.290,2.70706069,,,
07.292,2.686214371,,,
07.294,2.769599649,,,
07.296,2.665368051,,,
07.298,2.581982773,,,
07.300,2.581982773,,,
07.302,2.623675412,,,
07.304,2.665368051,,,
07.306,2.686214371,,,
07.308,2.498597495,,,
07.310,2.477751176,,,
07.312,2.519443815,,,
07.314,2.519443815,,,
07.316,2.456904856,,,
07.318,2.561136454,,,
07.320,2.623675412,,,
07.322,2.623675412,,,
07.324,2.561136454,,,
07.326,2.623675412,,,
07.328,2.415212217,,,
07.330,2.436058537,,,
07.332,2.436058537,,,
07.334,2.540290134,,,
07.336,2.477751176,,,
07.338,2.456904856,,,
07.340,2.561136454,,,
07.342,2.581982773,,,
07.344,2.561136454,,,
07.346,2.540290134,,,
07.348,2.561136454,,,
07.350,2.477751176,,,
07.352,2.498597495,,,
07.354,2.498597495,,,
07.356,2.2901343,,,
07.358,2.394365898,,,
07.360,2.498597495,,,
07.362,2.477751176,,,
07.364,2.498597495,,,
07.366,2.581982773,,,
07.368,2.519443815,,,
07.370,2.373519578,,,
07.372,2.352673259,,,
07.374,2.498597495,,,
07.376,2.331826939,,,
07.378,2.373519578,,,
07.380,2.436058537,,,
07.382,2.519443815,,,
07.384,2.519443815,,,
07.386,2.561136454,,,
07.388,2.561136454,,,
07.390,2.456904856,,,
07.392,2.373519578,,,
07.394,2.415212217,,,
07.396,2.373519578,,,
07.398,2.373519578,,,
07.400,2.415212217,,,
07.402,2.415212217,,,
07.404,2.498597495,,,
07.406,2.456904856,,,
07.408,2.498597495,,,
07.410,2.540290134,,,
07.412,2.436058537,,,
07.414,2.394365898,,,
07.416,2.394365898,,,
07.418,2.498597495,,,
07.420,2.540290134,,,
07.422,2.498597495,,,
07.424,2.561136454,,,
07.426,2.477751176,,,
07.428,2.477751176,,,
07.430,2.540290134,,,
07.432,2.602829093,,,
07.434,2.373519578,,,
07.436,2.477751176,,,
07.438,2.477751176,,,
07.440,2.581982773,,,
07.442,2.498597495,,,
07.444,2.686214371,,,
07.446,2.686214371,,,
07.448,2.644521732,,,
07.450,2.540290134,,,
07.452,2.561136454,,,
07.454,2.498597495,,,
07.456,2.436058537,,,
07.458,2.498597495,,,
07.460,2.602829093,,,
07.462,2.602829093,,,
07.464,2.644521732,,,
07.466,2.665368051,,,
07.468,2.602829093,,,
07.470,2.602829093,,,
07.472,2.602829093,,,
07.474,2.561136454,,,
07.476,2.561136454,,,
07.478,2.498597495,,,
07.480,2.498597495,,,
07.482,2.519443815,,,
07.484,2.644521732,,,
07.486,2.456904856,,,
07.488,2.498597495,,,
07.490,2.477751176,,,
07.492,2.456904856,,,
07.494,2.394365898,,,
07.496,2.540290134,,,
07.498,2.581982773,,,
07.500,2.581982773,,,
07.502,2.540290134,,,
07.504,2.623675412,,,
07.506,2.602829093,,,
07.508,2.581982773,,,
07.510,2.561136454,,,
07.512,2.602829093,,,
07.514,2.436058537,,,
07.516,2.498597495,,,
07.518,2.477751176,,,
07.520,2.561136454,,,
07.522,2.498597495,,,
07.524,2.623675412,,,
07.526,2.602829093,,,
07.528,2.602829093,,,
07.530,2.602829093,,,
07.532,2.644521732,,,
07.534,2.394365898,,,
07.536,2.373519578,,,
07.538,2.415212217,,,
07.540,2.436058537,,,
07.542,2.477751176,,,
07.544,2.498597495,,,
07.546,2.498597495,,,
07.548,2.498597495,,,
07.550,2.436058537,,,
07.552,2.477751176,,,
07.554,2.477751176,,,
07.556,2.540290134,,,
07.558,2.561136454,,,
07.560,2.540290134,,,
07.562,2.394365898,,,
07.564,2.456904856,,,
07.566,2.477751176,,,
07.568,2.540290134,,,
07.570,2.456904856,,,
07.572,2.540290134,,,
07.574,2.456904856,,,
07.576,2.498597495,,,
07.578,2.498597495,,,
07.580,2.581982773,,,
07.582,2.498597495,,,
07.584,2.581982773,,,
07.586,2.498597495,,,
07.588,2.498597495,,,
07.590,2.477751176,,,
07.592,2.561136454,,,
07.594,2.373519578,,,
07.596,2.456904856,,,
07.598,2.519443815,,,
07.600,2.456904856,,,
07.602,2.436058537,,,
07.604,2.644521732,,,
07.606,2.644521732,,,
07.608,2.477751176,,,
07.610,2.456904856,,,
07.612,2.456904856,,,
07.614,2.436058537,,,
07.616,2.415212217,,,
07.618,2.540290134,,,
07.620,2.623675412,,,
07.622,2.665368051,,,
07.624,2.748753329,,,
07.626,2.70706069,,,
07.628,2.665368051,,,
07.630,2.665368051,,,
07.632,2.561136454,,,
07.634,2.561136454,,,
07.636,2.540290134,,,
07.638,2.623675412,,,
07.640,2.602829093,,,
07.642,2.665368051,,,
07.644,2.686214371,,,
07.646,2.686214371,,,
07.648,2.686214371,,,
07.650,2.623675412,,,
07.652,2.623675412,,,
07.654,2.561136454,,,
07.656,2.665368051,,,
07.658,2.70706069,,,
07.660,2.748753329,,,
07.662,2.70706069,,,
07.664,2.70706069,,,
07.666,2.644521732,,,
07.668,2.561136454,,,
07.670,2.581982773,,,
07.672,2.602829093,,,
07.674,2.498597495,,,
07.676,2.498597495,,,
07.678,2.498597495,,,
07.680,2.581982773,,,
07.682,2.581982773,,,
07.684,2.581982773,,,
07.686,2.519443815,,,
07.688,2.540290134,,,
07.690,2.456904856,,,
07.692,2.415212217,,,
07.694,2.456904856,,,
07.696,2.436058537,,,
07.698,2.581982773,,,
07.700,2.540290134,,,
07.702,2.540290134,,,
07.704,2.540290134,,,
07.706,2.498597495,,,
07.708,2.415212217,,,
07.710,2.415212217,,,
07.712,2.373519578,,,
07.714,2.394365898,,,
07.716,2.436058537,,,
07.718,2.540290134,,,
07.720,2.498597495,,,
07.722,2.561136454,,,
07.724,2.540290134,,,
07.726,2.519443815,,,
07.728,2.456904856,,,
07.730,2.498597495,,,
07.732,2.373519578,,,
07.734,2.352673259,,,
07.736,2.415212217,,,
07.738,2.436058537,,,
07.740,2.456904856,,,
07.742,2.456904856,,,
07.744,2.456904856,,,
07.746,2.415212217,,,
07.748,2.415212217,,,
07.750,2.331826939,,,
07.752,2.248441661,,,
07.754,2.331826939,,,
07.756,2.31098062,,,
07.758,2.227595342,,,
07.760,2.144210064,,,
07.762,2.144210064,,,
07.764,2.144210064,,,
07.766,2.144210064,,,
07.768,2.2901343,,,
07.770,2.477751176,,,
07.772,2.623675412,,,
07.774,3.040601802,,,
07.776,3.290757636,,,
07.778,3.624298748,,,
07.780,3.91614722,,,
07.782,4.312227291,,,
07.784,4.458151527,,,
07.786,4.458151527,,,
07.788,4.207995693,,,
07.790,4.020378818,,,
07.792,3.686837706,,,
07.794,3.686837706,,,
07.796,3.645145067,,,
07.798,3.394989233,,,
07.800,2.998909163,,,
07.802,2.540290134,,,
07.804,1.998285828,,,
07.806,1.89405423,,,
07.808,1.852361591,,,
07.810,1.935746869,,,
07.812,1.935746869,,,
07.814,2.039978467,,,
07.816,2.060824786,,,
07.818,2.144210064,,,
07.820,2.2901343,,,
07.822,2.394365898,,,
07.824,2.394365898,,,
07.826,2.352673259,,,
07.828,2.269287981,,,
07.830,2.456904856,,,
07.832,2.331826939,,,
07.834,2.352673259,,,
07.836,2.498597495,,,
07.838,2.70706069,,,
07.840,2.581982773,,,
07.842,2.72790701,,,
07.844,2.70706069,,,
07.846,2.70706069,,,
07.848,2.644521732,,,
07.850,2.686214371,,,
07.852,2.477751176,,,
07.854,2.456904856,,,
07.856,2.561136454,,,
07.858,2.686214371,,,
07.860,2.581982773,,,
07.862,2.832138607,,,
07.864,2.790445968,,,
07.866,2.790445968,,,
07.868,2.581982773,,,
07.870,2.72790701,,,
07.872,2.540290134,,,
07.874,2.519443815,,,
07.876,2.644521732,,,
07.878,2.686214371,,,
07.880,2.748753329,,,
07.882,2.72790701,,,
07.884,2.748753329,,,
07.886,2.873831246,,,
07.888,2.832138607,,,
07.890,2.686214371,,,
07.892,2.623675412,,,
07.894,2.623675412,,,
07.896,2.748753329,,,
07.898,2.769599649,,,
07.900,2.665368051,,,
07.902,2.748753329,,,
07.904,2.70706069,,,
07.906,2.70706069,,,
07.908,2.748753329,,,
07.910,2.748753329,,,
07.912,2.70706069,,,
07.914,2.686214371,,,
07.916,2.811292288,,,
07.918,2.852984927,,,
07.920,2.852984927,,,
07.922,2.894677566,,,
07.924,2.686214371,,,
07.926,2.748753329,,,
07.928,2.790445968,,,
07.930,2.70706069,,,
07.932,2.748753329,,,
07.934,2.748753329,,,
07.936,2.873831246,,,
07.938,2.873831246,,,
07.940,2.957216524,,,
07.942,2.936370205,,,
07.944,2.852984927,,,
07.946,2.811292288,,,
07.948,2.832138607,,,
07.950,2.852984927,,,
07.952,2.790445968,,,
07.954,2.894677566,,,
07.956,2.915523885,,,
07.958,2.873831246,,,
07.960,2.978062844,,,
07.962,3.082294441,,,
07.964,3.040601802,,,
07.966,2.957216524,,,
07.968,2.915523885,,,
07.970,2.894677566,,,
07.972,2.957216524,,,
07.974,2.998909163,,,
07.976,3.082294441,,,
07.978,3.12398708,,,
07.980,3.186526038,,,
07.982,3.144833399,,,
07.984,3.082294441,,,
07.986,3.186526038,,,
07.988,3.186526038,,,
07.990,3.186526038,,,
07.992,3.228218677,,,
07.994,3.249064997,,,
07.996,3.290757636,,,
07.998,3.311603955,,,
08.000,3.457528192,,,
08.002,3.353296594,,,
08.004,3.311603955,,,
08.006,3.374142914,,,
08.008,3.415835553,,,
08.010,3.332450275,,,
08.012,3.353296594,,,
08.014,3.374142914,,,
08.016,3.374142914,,,
08.018,3.478374511,,,
08.020,3.624298748,,,
08.022,3.603452428,,,
08.024,3.582606109,,,
08.026,3.645145067,,,
08.028,3.770222984,,,
08.030,3.582606109,,,
08.032,3.54091347,,,
08.034,3.645145067,,,
08.036,3.561759789,,,
08.038,3.561759789,,,
08.040,3.686837706,,,
08.042,3.728530345,,,
08.044,3.54091347,,,
08.046,3.54091347,,,
08.048,3.645145067,,,
08.050,3.394989233,,,
08.052,3.436681872,,,
08.054,3.415835553,,,
08.056,3.457528192,,,
08.058,3.394989233,,,
08.060,3.457528192,,,
08.062,3.374142914,,,
08.064,3.332450275,,,
08.066,3.249064997,,,
08.068,3.249064997,,,
08.070,2.978062844,,,
08.072,2.978062844,,,
08.074,3.019755483,,,
08.076,3.082294441,,,
08.078,2.915523885,,,
08.080,3.228218677,,,
08.082,3.040601802,,,
08.084,2.852984927,,,
08.086,2.852984927,,,
08.088,2.832138607,,,
08.090,2.686214371,,,
08.092,2.70706069,,,
08.094,2.748753329,,,
08.096,2.602829093,,,
08.098,2.581982773,,,
08.100,2.72790701,,,
08.102,2.72790701,,,
08.104,2.70706069,,,
08.106,2.70706069,,,
08.108,2.686214371,,,
08.110,2.561136454,,,
08.112,2.540290134,,,
08.114,2.644521732,,,
08.116,2.623675412,,,
08.118,2.477751176,,,
08.120,2.602829093,,,
08.122,2.581982773,,,
08.124,2.498597495,,,
08.126,2.540290134,,,
08.128,2.540290134,,,
08.130,2.498597495,,,
08.132,2.581982773,,,
08.134,2.581982773,,,
08.136,2.519443815,,,
08.138,2.498597495,,,
08.140,2.665368051,,,
08.142,2.561136454,,,
08.144,2.456904856,,,
08.146,2.394365898,,,
08.148,2.436058537,,,
08.150,2.2901343,,,
08.152,2.456904856,,,
08.154,2.456904856,,,
08.156,2.519443815,,,
08.158,2.540290134,,,
08.160,2.623675412,,,
08.162,2.602829093,,,
08.164,2.602829093,,,
08.166,2.477751176,,,
08.168,2.498597495,,,
08.170,2.477751176,,,
08.172,2.498597495,,,
08.174,2.498597495,,,
08.176,2.540290134,,,
08.178,2.540290134,,,
08.180,2.644521732,,,
08.182,2.665368051,,,
08.184,2.602829093,,,
08.186,2.561136454,,,
08.188,2.623675412,,,
08.190,2.540290134,,,
08.192,2.540290134,,,
08.194,2.540290134,,,
08.196,2.623675412,,,
08.198,2.623675412,,,
08.200,2.602829093,,,
08.202,2.623675412,,,
08.204,2.686214371,,,
08.206,2.665368051,,,
08.208,2.665368051,,,
08.210,2.644521732,,,
08.212,2.623675412,,,
08.214,2.644521732,,,
08.216,2.623675412,,,
08.218,2.623675412,,,
08.220,2.623675412,,,
08.222,2.498597495,,,
08.224,2.602829093,,,
08.226,2.623675412,,,
08.228,2.561136454,,,
08.230,2.602829093,,,
08.232,2.540290134,,,
08.234,2.686214371,,,
08.236,2.748753329,,,
08.238,2.748753329,,,
08.240,2.748753329,,,
08.242,2.602829093,,,
08.244,2.602829093,,,
08.246,2.561136454,,,
08.248,2.644521732,,,
08.250,2.561136454,,,
08.252,2.581982773,,,
08.254,2.811292288,,,
08.256,2.894677566,,,
08.258,2.769599649,,,
08.260,2.769599649,,,
08.262,2.561136454,,,
08.264,2.477751176,,,
08.266,2.477751176,,,
08.268,2.540290134,,,
08.270,2.519443815,,,
08.272,2.519443815,,,
08.274,2.644521732,,,
08.276,2.686214371,,,
08.278,2.748753329,,,
08.280,2.748753329,,,
08.282,2.686214371,,,
08.284,2.665368051,,,
08.286,2.665368051,,,
08.288,2.477751176,,,
08.290,2.519443815,,,
08.292,2.581982773,,,
08.294,2.602829093,,,
08.296,2.561136454,,,
08.298,2.623675412,,,
08.300,2.602829093,,,
08.302,2.644521732,,,
08.304,2.602829093,,,
08.306,2.644521732,,,
08.308,2.477751176,,,
08.310,2.477751176,,,
08.312,2.561136454,,,
08.314,2.581982773,,,
08.316,2.540290134,,,
08.318,2.623675412,,,
08.320,2.665368051,,,
08.322,2.665368051,,,
08.324,2.644521732,,,
08.326,2.623675412,,,
08.328,2.540290134,,,
08.330,2.561136454,,,
08.332,2.540290134,,,
08.334,2.519443815,,,
08.336,2.519443815,,,
08.338,2.70706069,,,
08.340,2.686214371,,,
08.342,2.623675412,,,
08.344,2.623675412,,,
08.346,2.686214371,,,
08.348,2.581982773,,,
08.350,2.623675412,,,
08.352,2.540290134,,,
08.354,2.581982773,,,
08.356,2.644521732,,,
08.358,2.811292288,,,
08.360,2.665368051,,,
08.362,2.456904856,,,
08.364,2.602829093,,,
08.366,2.623675412,,,
08.368,2.498597495,,,
08.370,2.415212217,,,
08.372,2.561136454,,,
08.374,2.623675412,,,
08.376,2.623675412,,,
08.378,2.748753329,,,
08.380,2.665368051,,,
08.382,2.623675412,,,
08.384,2.72790701,,,
08.386,2.769599649,,,
08.388,2.540290134,,,
08.390,2.456904856,,,
08.392,2.561136454,,,
08.394,2.602829093,,,
08.396,2.602829093,,,
08.398,2.790445968,,,
08.400,2.665368051,,,
08.402,2.602829093,,,
08.404,2.602829093,,,
08.406,2.602829093,,,
08.408,2.31098062,,,
08.410,2.540290134,,,
08.412,2.540290134,,,
08.414,2.644521732,,,
08.416,2.70706069,,,
08.418,2.748753329,,,
08.420,2.748753329,,,
08.422,2.70706069,,,
08.424,2.748753329,,,
08.426,2.832138607,,,
08.428,2.748753329,,,
08.430,2.748753329,,,
08.432,2.70706069,,,
08.434,2.748753329,,,
08.436,2.70706069,,,
08.438,2.873831246,,,
08.440,2.811292288,,,
08.442,2.811292288,,,
08.444,2.665368051,,,
08.446,2.665368051,,,
08.448,2.644521732,,,
08.450,2.70706069,,,
08.452,2.769599649,,,
08.454,2.769599649,,,
08.456,2.769599649,,,
08.458,2.915523885,,,
08.460,2.811292288,,,
08.462,2.811292288,,,
08.464,2.769599649,,,
08.466,2.665368051,,,
08.468,2.519443815,,,
08.470,2.519443815,,,
08.472,2.540290134,,,
08.474,2.561136454,,,
08.476,2.561136454,,,
08.478,2.602829093,,,
08.480,2.665368051,,,
08.482,2.581982773,,,
08.484,2.665368051,,,
08.486,2.665368051,,,
08.488,2.561136454,,,
08.490,2.540290134,,,
08.492,2.665368051,,,
08.494,2.665368051,,,
08.496,2.623675412,,,
08.498,2.644521732,,,
08.500,2.623675412,,,