Time (s),Signal (V),Peak Time (s)Â ,Sample #,Type
0.000,2.543059789,0.460,230,N
0.002,2.591386947,0.702,351,t
0.004,2.591386947,1.222,611,N
0.006,2.462514526,1.470,735,t
0.008,2.253096842,1.938,969,N
0.010,1.898697684,2.184,1092,t
0.012,1.818152421,2.660,1330,N
0.014,1.850370526,2.914,1457,t
0.016,1.947024842,3.450,1725,N
0.018,2.253096842,3.700,1850,t
0.020,2.510841684,4.300,2150,N
0.022,2.623605053,4.558,2279,t
0.024,2.639714105,5.060,2530,N
0.026,2.430296421,5.312,2656,t
0.028,2.188660632,5.858,2929,N
0.030,1.866479579,6.116,3058,t
0.032,1.818152421,6.724,3362,N
0.034,1.834261474,6.976,3488,t
0.036,1.995352,7.650,3825,N
0.038,2.285314947,7.896,3948,t
0.040,2.510841684,,,
0.042,2.639714105,,,
0.044,2.591386947,,,
0.046,2.446405474,,,
0.048,2.204769684,,,
0.050,1.914806737,,,
0.052,1.802043368,,,
0.054,1.850370526,,,
0.056,2.011461053,,,
0.058,2.301424,,,
0.060,2.543059789,,,
0.062,2.639714105,,,
0.064,2.607496,,,
0.066,2.446405474,,,
0.068,2.156442526,,,
0.070,1.882588632,,,
0.072,1.737607158,,,
0.074,1.818152421,,,
0.076,1.995352,,,
0.078,2.269205895,,,
0.080,2.543059789,,,
0.082,2.671932211,,,
0.084,2.607496,,,
0.086,2.430296421,,,
0.088,2.108115368,,,
0.090,1.898697684,,,
0.092,1.785934316,,,
0.094,1.882588632,,,
0.096,2.011461053,,,
0.098,2.317533053,,,
0.100,2.543059789,,,
0.102,2.671932211,,,
0.104,2.623605053,,,
0.106,2.446405474,,,
0.108,2.092006316,,,
0.110,1.866479579,,,
0.112,1.737607158,,,
0.114,1.850370526,,,
0.116,2.027570105,,,
0.118,2.365860211,,,
0.120,2.575277895,,,
0.122,2.639714105,,,
0.124,2.575277895,,,
0.126,2.414187368,,,
0.128,2.043679158,,,
0.130,1.850370526,,,
0.132,1.737607158,,,
0.134,1.850370526,,,
0.136,2.059788211,,,
0.138,2.398078316,,,
0.140,2.591386947,,,
0.142,2.591386947,,,
0.144,2.543059789,,,
0.146,2.349751158,,,
0.148,2.011461053,,,
0.150,1.818152421,,,
0.152,1.721498105,,,
0.154,1.850370526,,,
0.156,2.011461053,,,
0.158,2.381969263,,,
0.160,2.510841684,,,
0.162,2.607496,,,
0.164,2.543059789,,,
0.166,2.317533053,,,
0.168,2.027570105,,,
0.170,1.802043368,,,
0.172,1.802043368,,,
0.174,1.866479579,,,
0.176,2.059788211,,,
0.178,2.381969263,,,
0.180,2.559168842,,,
0.182,2.591386947,,,
0.184,2.462514526,,,
0.186,2.317533053,,,
0.188,1.963133895,,,
0.190,1.818152421,,,
0.192,1.785934316,,,
0.194,1.882588632,,,
0.196,2.059788211,,,
0.198,2.414187368,,,
0.200,2.575277895,,,
0.202,2.623605053,,,
0.204,2.559168842,,,
0.206,2.333642105,,,
0.208,1.995352,,,
0.210,1.769825263,,,
0.212,1.769825263,,,
0.214,1.866479579,,,
0.216,2.059788211,,,
0.218,2.494732632,,,
0.220,2.559168842,,,
0.222,2.607496,,,
0.224,2.543059789,,,
0.226,2.317533053,,,
0.228,1.963133895,,,
0.230,1.802043368,,,
0.232,1.785934316,,,
0.234,1.947024842,,,
0.236,2.124224421,,,
0.238,2.478623579,,,
0.240,2.623605053,,,
0.242,2.688041263,,,
0.244,2.494732632,,,
0.246,2.333642105,,,
0.248,1.979242947,,,
0.250,1.785934316,,,
0.252,1.769825263,,,
0.254,1.898697684,,,
0.256,2.140333474,,,
0.258,2.526950737,,,
0.260,2.655823158,,,
0.262,2.639714105,,,
0.264,2.462514526,,,
0.266,2.285314947,,,
0.268,1.930915789,,,
0.270,1.850370526,,,
0.272,1.802043368,,,
0.274,1.947024842,,,
0.276,2.156442526,,,
0.278,2.526950737,,,
0.280,2.720259368,,,
0.282,2.768586526,,,
0.284,2.462514526,,,
0.286,2.253096842,,,
0.288,1.914806737,,,
0.290,1.785934316,,,
0.292,1.818152421,,,
0.294,1.947024842,,,
0.296,2.220878737,,,
0.298,2.462514526,,,
0.300,2.671932211,,,
0.302,2.655823158,,,
0.304,2.543059789,,,
0.306,2.269205895,,,
0.308,1.963133895,,,
0.310,1.850370526,,,
0.312,1.866479579,,,
0.314,2.043679158,,,
0.316,2.253096842,,,
0.318,2.591386947,,,
0.320,2.704150316,,,
0.322,2.688041263,,,
0.324,2.607496,,,
0.326,2.365860211,,,
0.328,2.043679158,,,
0.330,1.995352,,,
0.332,1.947024842,,,
0.334,2.140333474,,,
0.336,2.414187368,,,
0.338,2.704150316,,,
0.340,2.752477474,,,
0.342,2.800804632,,,
0.344,2.623605053,,,
0.346,2.349751158,,,
0.348,2.059788211,,,
0.350,1.930915789,,,
0.352,1.979242947,,,
0.354,2.092006316,,,
0.356,2.349751158,,,
0.358,2.607496,,,
0.360,2.704150316,,,
0.362,2.720259368,,,
0.364,2.543059789,,,
0.366,2.220878737,,,
0.368,1.963133895,,,
0.370,1.834261474,,,
0.372,1.866479579,,,
0.374,2.043679158,,,
0.376,2.285314947,,,
0.378,2.591386947,,,
0.380,2.655823158,,,
0.382,2.591386947,,,
0.384,2.430296421,,,
0.386,2.124224421,,,
0.388,1.834261474,,,
0.390,1.721498105,,,
0.392,1.818152421,,,
0.394,2.011461053,,,
0.396,2.301424,,,
0.398,2.478623579,,,
0.400,2.623605053,,,
0.402,2.559168842,,,
0.404,2.414187368,,,
0.406,2.059788211,,,
0.408,1.802043368,,,
0.410,1.753716211,,,
0.412,1.834261474,,,
0.414,1.963133895,,,
0.416,2.365860211,,,
0.418,2.559168842,,,
0.420,2.607496,,,
0.422,2.575277895,,,
0.424,2.414187368,,,
0.426,1.995352,,,
0.428,1.753716211,,,
0.430,1.560407579,,,
0.432,1.673170947,,,
0.434,1.802043368,,,
0.436,2.156442526,,,
0.438,2.365860211,,,
0.440,2.462514526,,,
0.442,2.526950737,,,
0.444,2.543059789,,,
0.446,2.414187368,,,
0.448,2.446405474,,,
0.450,2.752477474,,,
0.452,3.026331368,,,
0.454,3.525712,,,
0.456,4.186183158,,,
0.458,4.411709895,,,
0.460,4.379491789,,,
0.462,4.105637895,,,
0.464,3.509602947,,,
0.466,2.881349895,,,
0.468,2.607496,,,
0.470,2.398078316,,,
0.472,2.204769684,,,
0.474,2.059788211,,,
0.476,2.011461053,,,
0.478,2.027570105,,,
0.480,2.043679158,,,
0.482,1.979242947,,,
0.484,1.850370526,,,
0.486,1.479862316,,,
0.488,1.350989895,,,
0.490,1.286553684,,,
0.492,1.495971368,,,
0.494,1.753716211,,,
0.496,2.092006316,,,
0.498,2.462514526,,,
0.500,2.559168842,,,
0.502,2.494732632,,,
0.504,2.365860211,,,
0.506,1.930915789,,,
0.508,1.850370526,,,
0.510,1.818152421,,,
0.512,1.979242947,,,
0.514,2.172551579,,,
0.516,2.462514526,,,
0.518,2.671932211,,,
0.520,2.704150316,,,
0.522,2.559168842,,,
0.524,2.381969263,,,
0.526,2.059788211,,,
0.528,1.850370526,,,
0.530,1.818152421,,,
0.532,2.043679158,,,
0.534,2.172551579,,,
0.536,2.591386947,,,
0.538,2.736368421,,,
0.540,2.736368421,,,
0.542,2.623605053,,,
0.544,2.381969263,,,
0.546,1.995352,,,
0.548,1.882588632,,,
0.550,1.898697684,,,
0.552,2.092006316,,,
0.554,2.220878737,,,
0.556,2.575277895,,,
0.558,2.768586526,,,
0.560,2.784695579,,,
0.562,2.655823158,,,
0.564,2.398078316,,,
0.566,2.092006316,,,
0.568,1.930915789,,,
0.570,1.914806737,,,
0.572,2.092006316,,,
0.574,2.301424,,,
0.576,2.623605053,,,
0.578,2.784695579,,,
0.580,2.800804632,,,
0.582,2.607496,,,
0.584,2.430296421,,,
0.586,2.124224421,,,
0.588,1.995352,,,
0.590,1.963133895,,,
0.592,2.124224421,,,
0.594,2.398078316,,,
0.596,2.688041263,,,
0.598,2.833022737,,,
0.600,2.833022737,,,
0.602,2.688041263,,,
0.604,2.446405474,,,
0.606,2.124224421,,,
0.608,2.011461053,,,
0.610,2.027570105,,,
0.612,2.269205895,,,
0.614,2.446405474,,,
0.616,2.736368421,,,
0.618,2.961895158,,,
0.620,2.978004211,,,
0.622,2.784695579,,,
0.624,2.494732632,,,
0.626,2.236987789,,,
0.628,2.140333474,,,
0.630,2.124224421,,,
0.632,2.398078316,,,
0.634,2.639714105,,,
0.636,2.897458947,,,
0.638,3.010222316,,,
0.640,3.058549474,,,
0.642,2.897458947,,,
0.644,2.655823158,,,
0.646,2.365860211,,,
0.648,2.285314947,,,
0.650,2.349751158,,,
0.652,2.543059789,,,
0.654,2.800804632,,,
0.656,3.122985684,,,
0.658,3.171312842,,,
0.660,3.155203789,,,
0.662,3.026331368,,,
0.664,2.752477474,,,
0.666,2.526950737,,,
0.668,2.414187368,,,
0.670,2.381969263,,,
0.672,2.671932211,,,
0.674,2.929677053,,,
0.676,3.203530947,,,
0.678,3.348512421,,,
0.680,3.316294316,,,
0.682,3.187421895,,,
0.684,2.913568,,,
0.686,2.639714105,,,
0.688,2.575277895,,,
0.690,2.591386947,,,
0.692,2.816913684,,,
0.694,3.058549474,,,
0.696,3.396839579,,,
0.698,3.509602947,,,
0.700,3.477384842,,,
0.702,3.267967158,,,
0.704,2.961895158,,,
0.706,2.639714105,,,
0.708,2.623605053,,,
0.710,2.639714105,,,
0.712,2.849131789,,,
0.714,3.251858105,,,
0.716,3.412948632,,,
0.718,3.493493895,,,
0.720,3.396839579,,,
0.722,3.21964,,,
0.724,2.881349895,,,
0.726,2.623605053,,,
0.728,2.559168842,,,
0.730,2.543059789,,,
0.732,2.752477474,,,
0.734,3.090767579,,,
0.736,3.235749053,,,
0.738,3.300185263,,,
0.740,3.155203789,,,
0.742,2.994113263,,,
0.744,2.655823158,,,
0.746,2.365860211,,,
0.748,2.285314947,,,
0.750,2.301424,,,
0.752,2.446405474,,,
0.754,2.784695579,,,
0.756,2.929677053,,,
0.758,2.978004211,,,
0.760,2.881349895,,,
0.762,2.688041263,,,
0.764,2.333642105,,,
0.766,2.092006316,,,
0.768,1.979242947,,,
0.770,2.043679158,,,
0.772,2.204769684,,,
0.774,2.575277895,,,
0.776,2.736368421,,,
0.778,2.784695579,,,
0.780,2.704150316,,,
0.782,2.494732632,,,
0.784,2.124224421,,,
0.786,1.963133895,,,
0.788,1.850370526,,,
0.790,1.979242947,,,
0.792,2.156442526,,,
0.794,2.478623579,,,
0.796,2.639714105,,,
0.798,2.688041263,,,
0.800,2.543059789,,,
0.802,2.398078316,,,
0.804,2.059788211,,,
0.806,1.866479579,,,
0.808,1.834261474,,,
0.810,1.947024842,,,
0.812,2.108115368,,,
0.814,2.575277895,,,
0.816,2.671932211,,,
0.818,2.752477474,,,
0.820,2.607496,,,
0.822,2.430296421,,,
0.824,2.108115368,,,
0.826,1.834261474,,,
0.828,1.866479579,,,
0.830,2.027570105,,,
0.832,2.140333474,,,
0.834,2.575277895,,,
0.836,2.720259368,,,
0.838,2.671932211,,,
0.840,2.591386947,,,
0.842,2.381969263,,,
0.844,2.075897263,,,
0.846,1.930915789,,,
0.848,1.866479579,,,
0.850,2.059788211,,,
0.852,2.236987789,,,
0.854,2.623605053,,,
0.856,2.784695579,,,
0.858,2.784695579,,,
0.860,2.639714105,,,
0.862,2.462514526,,,
0.864,2.108115368,,,
0.866,1.930915789,,,
0.868,1.930915789,,,
0.870,2.075897263,,,
0.872,2.236987789,,,
0.874,2.655823158,,,
0.876,2.784695579,,,
0.878,2.768586526,,,
0.880,2.591386947,,,
0.882,2.381969263,,,
0.884,2.172551579,,,
0.886,1.898697684,,,
0.888,1.930915789,,,
0.890,2.075897263,,,
0.892,2.317533053,,,
0.894,2.639714105,,,
0.896,2.752477474,,,
0.898,2.800804632,,,
0.900,2.526950737,,,
0.902,2.285314947,,,
0.904,2.011461053,,,
0.906,1.947024842,,,
0.908,1.914806737,,,
0.910,2.108115368,,,
0.912,2.333642105,,,
0.914,2.623605053,,,
0.916,2.736368421,,,
0.918,2.736368421,,,
0.920,2.575277895,,,
0.922,2.349751158,,,
0.924,2.011461053,,,
0.926,1.882588632,,,
0.928,1.914806737,,,
0.930,2.059788211,,,
0.932,2.381969263,,,
0.934,2.655823158,,,
0.936,2.768586526,,,
0.938,2.784695579,,,
0.940,2.543059789,,,
0.942,2.301424,,,
0.944,2.059788211,,,
0.946,1.898697684,,,
0.948,1.947024842,,,
0.950,2.108115368,,,
0.952,2.414187368,,,
0.954,2.688041263,,,
0.956,2.800804632,,,
0.958,2.688041263,,,
0.960,2.510841684,,,
0.962,2.269205895,,,
0.964,2.011461053,,,
0.966,1.914806737,,,
0.968,1.947024842,,,
0.970,2.059788211,,,
0.972,2.381969263,,,
0.974,2.688041263,,,
0.976,2.736368421,,,
0.978,2.688041263,,,
0.980,2.543059789,,,
0.982,2.236987789,,,
0.984,1.979242947,,,
0.986,1.914806737,,,
0.988,1.914806737,,,
0.990,2.172551579,,,
0.992,2.398078316,,,
0.994,2.623605053,,,
0.996,2.720259368,,,
0.998,2.752477474,,,
1.000,2.575277895,,,
1.002,2.253096842,,,
1.004,2.027570105,,,
1.006,1.866479579,,,
1.008,1.979242947,,,
1.010,2.092006316,,,
1.012,2.446405474,,,
1.014,2.688041263,,,
1.016,2.784695579,,,
1.018,2.752477474,,,
1.020,2.575277895,,,
1.022,2.204769684,,,
1.024,1.947024842,,,
1.026,1.898697684,,,
1.028,1.979242947,,,
1.030,2.075897263,,,
1.032,2.478623579,,,
1.034,2.752477474,,,
1.036,2.833022737,,,
1.038,2.655823158,,,
1.040,2.543059789,,,
1.042,2.253096842,,,
1.044,2.075897263,,,
1.046,1.882588632,,,
1.048,1.979242947,,,
1.050,2.236987789,,,
1.052,2.591386947,,,
1.054,2.736368421,,,
1.056,2.833022737,,,
1.058,2.784695579,,,
1.060,2.639714105,,,
1.062,2.446405474,,,
1.064,2.043679158,,,
1.066,1.963133895,,,
1.068,2.092006316,,,
1.070,2.317533053,,,
1.072,2.591386947,,,
1.074,2.849131789,,,
1.076,2.881349895,,,
1.078,2.800804632,,,
1.080,2.688041263,,,
1.082,2.301424,,,
1.084,2.092006316,,,
1.086,2.059788211,,,
1.088,2.188660632,,,
1.090,2.301424,,,
1.092,2.688041263,,,
1.094,2.945786105,,,
1.096,3.026331368,,,
1.098,2.833022737,,,
1.100,2.671932211,,,
1.102,2.333642105,,,
1.104,2.108115368,,,
1.106,2.092006316,,,
1.108,2.188660632,,,
1.110,2.398078316,,,
1.112,2.736368421,,,
1.114,2.849131789,,,
1.116,2.865240842,,,
1.118,2.736368421,,,
1.120,2.575277895,,,
1.122,2.269205895,,,
1.124,2.059788211,,,
1.126,2.011461053,,,
1.128,2.108115368,,,
1.130,2.253096842,,,
1.132,2.688041263,,,
1.134,2.800804632,,,
1.136,2.800804632,,,
1.138,2.655823158,,,
1.140,2.543059789,,,
1.142,2.124224421,,,
1.144,1.882588632,,,
1.146,1.963133895,,,
1.148,2.092006316,,,
1.150,2.253096842,,,
1.152,2.655823158,,,
1.154,2.720259368,,,
1.156,2.768586526,,,
1.158,2.655823158,,,
1.160,2.462514526,,,
1.162,2.108115368,,,
1.164,1.947024842,,,
1.166,1.898697684,,,
1.168,2.043679158,,,
1.170,2.301424,,,
1.172,2.591386947,,,
1.174,2.784695579,,,
1.176,2.784695579,,,
1.178,2.639714105,,,
1.180,2.462514526,,,
1.182,2.124224421,,,
1.184,1.947024842,,,
1.186,1.930915789,,,
1.188,2.075897263,,,
1.190,2.285314947,,,
1.192,2.591386947,,,
1.194,2.704150316,,,
1.196,2.639714105,,,
1.198,2.510841684,,,
1.200,2.269205895,,,
1.202,2.011461053,,,
1.204,1.963133895,,,
1.206,2.156442526,,,
1.208,2.543059789,,,
1.210,3.058549474,,,
1.212,3.557930105,,,
1.214,3.944547368,,,
1.216,4.153965053,,,
1.218,4.363382737,,,
1.220,4.105637895,,,
1.222,3.686802526,,,
1.224,3.380730526,,,
1.226,2.929677053,,,
1.228,2.929677053,,,
1.230,3.155203789,,,
1.232,3.21964,,,
1.234,3.106876632,,,
1.236,2.688041263,,,
1.238,2.156442526,,,
1.240,1.737607158,,,
1.242,1.544298526,,,
1.244,1.415426105,,,
1.246,1.495971368,,,
1.248,1.673170947,,,
1.250,1.947024842,,,
1.252,2.188660632,,,
1.254,2.381969263,,,
1.256,2.398078316,,,
1.258,2.285314947,,,
1.260,2.108115368,,,
1.262,1.947024842,,,
1.264,1.866479579,,,
1.266,1.947024842,,,
1.268,2.140333474,,,
1.270,2.510841684,,,
1.272,2.720259368,,,
1.274,2.736368421,,,
1.276,2.768586526,,,
1.278,2.623605053,,,
1.280,2.333642105,,,
1.282,2.156442526,,,
1.284,2.043679158,,,
1.286,2.092006316,,,
1.288,2.285314947,,,
1.290,2.607496,,,
1.292,2.784695579,,,
1.294,2.897458947,,,
1.296,2.881349895,,,
1.298,2.688041263,,,
1.300,2.349751158,,,
1.302,2.140333474,,,
1.304,2.059788211,,,
1.306,2.092006316,,,
1.308,2.317533053,,,
1.310,2.671932211,,,
1.312,2.849131789,,,
1.314,2.994113263,,,
1.316,2.881349895,,,
1.318,2.704150316,,,
1.320,2.414187368,,,
1.322,2.236987789,,,
1.324,2.059788211,,,
1.326,2.188660632,,,
1.328,2.349751158,,,
1.330,2.704150316,,,
1.332,2.961895158,,,
1.334,3.010222316,,,
1.336,2.865240842,,,
1.338,2.800804632,,,
1.340,2.494732632,,,
1.342,2.236987789,,,
1.344,2.172551579,,,
1.346,2.204769684,,,
1.348,2.398078316,,,
1.350,2.784695579,,,
1.352,2.945786105,,,
1.354,3.106876632,,,
1.356,2.994113263,,,
1.358,2.800804632,,,
1.360,2.478623579,,,
1.362,2.269205895,,,
1.364,2.253096842,,,
1.366,2.349751158,,,
1.368,2.462514526,,,
1.370,2.833022737,,,
1.372,3.058549474,,,
1.374,3.074658526,,,
1.376,3.026331368,,,
1.378,2.833022737,,,
1.380,2.559168842,,,
1.382,2.317533053,,,
1.384,2.285314947,,,
1.386,2.365860211,,,
1.388,2.591386947,,,
1.390,2.897458947,,,
1.392,3.155203789,,,
1.394,3.203530947,,,
1.396,3.139094737,,,
1.398,2.978004211,,,
1.400,2.607496,,,
1.402,2.381969263,,,
1.404,2.365860211,,,
1.406,2.446405474,,,
1.408,2.688041263,,,
1.410,3.074658526,,,
1.412,3.251858105,,,
1.414,3.364621474,,,
1.416,3.171312842,,,
1.418,3.042440421,,,
1.420,2.768586526,,,
1.422,2.623605053,,,
1.424,2.559168842,,,
1.426,2.639714105,,,
1.428,2.881349895,,,
1.430,3.21964,,,
1.432,3.429057684,,,
1.434,3.509602947,,,
1.436,3.396839579,,,
1.438,3.21964,,,
1.440,2.897458947,,,
1.442,2.736368421,,,
1.444,2.720259368,,,
1.446,2.849131789,,,
1.448,3.074658526,,,
1.450,3.429057684,,,
1.452,3.557930105,,,
1.454,3.638475368,,,
1.456,3.557930105,,,
1.458,3.300185263,,,
1.460,2.929677053,,,
1.462,2.816913684,,,
1.464,2.800804632,,,
1.466,2.945786105,,,
1.468,3.171312842,,,
1.470,3.429057684,,,
1.472,3.670693474,,,
1.474,3.670693474,,,
1.476,3.574039158,,,
1.478,3.364621474,,,
1.480,3.026331368,,,
1.482,2.768586526,,,
1.484,2.736368421,,,
1.486,2.913568,,,
1.488,3.090767579,,,
1.490,3.445166737,,,
1.492,3.574039158,,,
1.494,3.541821053,,,
1.496,3.332403368,,,
1.498,3.042440421,,,
1.500,2.736368421,,,
1.502,2.510841684,,,
1.504,2.494732632,,,
1.506,2.623605053,,,
1.508,2.865240842,,,
1.510,3.122985684,,,
1.512,3.203530947,,,
1.514,3.171312842,,,
1.516,2.945786105,,,
1.518,2.752477474,,,
1.520,2.398078316,,,
1.522,2.236987789,,,
1.524,2.172551579,,,
1.526,2.317533053,,,
1.528,2.543059789,,,
1.530,2.816913684,,,
1.532,2.978004211,,,
1.534,2.897458947,,,
1.536,2.736368421,,,
1.538,2.494732632,,,
1.540,2.156442526,,,
1.542,2.011461053,,,
1.544,2.027570105,,,
1.546,2.172551579,,,
1.548,2.446405474,,,
1.550,2.752477474,,,
1.552,2.849131789,,,
1.554,2.784695579,,,
1.556,2.623605053,,,
1.558,2.381969263,,,
1.560,2.108115368,,,
1.562,1.995352,,,
1.564,1.979242947,,,
1.566,2.188660632,,,
1.568,2.494732632,,,
1.570,2.736368421,,,
1.572,2.800804632,,,
1.574,2.784695579,,,
1.576,2.607496,,,
1.578,2.285314947,,,
1.580,2.043679158,,,
1.582,1.947024842,,,
1.584,2.011461053,,,
1.586,2.172551579,,,
1.588,2.430296421,,,
1.590,2.768586526,,,
1.592,2.881349895,,,
1.594,2.833022737,,,
1.596,2.623605053,,,
1.598,2.301424,,,
1.600,2.043679158,,,
1.602,2.027570105,,,
1.604,1.963133895,,,
1.606,2.204769684,,,
1.608,2.543059789,,,
1.610,2.752477474,,,
1.612,2.865240842,,,
1.614,2.800804632,,,
1.616,2.655823158,,,
1.618,2.333642105,,,
1.620,2.075897263,,,
1.622,2.011461053,,,
1.624,2.075897263,,,
1.626,2.253096842,,,
1.628,2.591386947,,,
1.630,2.800804632,,,
1.632,2.849131789,,,
1.634,2.800804632,,,
1.636,2.671932211,,,
1.638,2.349751158,,,
1.640,2.059788211,,,
1.642,1.979242947,,,
1.644,2.059788211,,,
1.646,2.236987789,,,
1.648,2.575277895,,,
1.650,2.816913684,,,
1.652,2.865240842,,,
1.654,2.784695579,,,
1.656,2.607496,,,
1.658,2.269205895,,,
1.660,2.108115368,,,
1.662,1.963133895,,,
1.664,2.092006316,,,
1.666,2.236987789,,,
1.668,2.559168842,,,
1.670,2.752477474,,,
1.672,2.865240842,,,
1.674,2.784695579,,,
1.676,2.607496,,,
1.678,2.236987789,,,
1.680,2.011461053,,,
1.682,1.963133895,,,
1.684,2.059788211,,,
1.686,2.269205895,,,
1.688,2.559168842,,,
1.690,2.720259368,,,
1.692,2.849131789,,,
1.694,2.688041263,,,
1.696,2.591386947,,,
1.698,2.156442526,,,
1.700,1.979242947,,,
1.702,1.914806737,,,
1.704,2.011461053,,,
1.706,2.204769684,,,
1.708,2.559168842,,,
1.710,2.768586526,,,
1.712,2.816913684,,,
1.714,2.704150316,,,
1.716,2.510841684,,,
1.718,2.188660632,,,
1.720,1.995352,,,
1.722,1.882588632,,,
1.724,2.075897263,,,
1.726,2.269205895,,,
1.728,2.607496,,,
1.730,2.784695579,,,
1.732,2.736368421,,,
1.734,2.655823158,,,
1.736,2.462514526,,,
1.738,2.140333474,,,
1.740,1.963133895,,,
1.742,1.914806737,,,
1.744,2.059788211,,,
1.746,2.220878737,,,
1.748,2.559168842,,,
1.750,2.736368421,,,
1.752,2.784695579,,,
1.754,2.607496,,,
1.756,2.494732632,,,
1.758,2.075897263,,,
1.760,1.930915789,,,
1.762,1.882588632,,,
1.764,2.043679158,,,
1.766,2.253096842,,,
1.768,2.575277895,,,
1.770,2.784695579,,,
1.772,2.784695579,,,
1.774,2.591386947,,,
1.776,2.430296421,,,
1.778,2.059788211,,,
1.780,1.930915789,,,
1.782,1.963133895,,,
1.784,2.156442526,,,
1.786,2.301424,,,
1.788,2.639714105,,,
1.790,2.833022737,,,
1.792,2.849131789,,,
1.794,2.720259368,,,
1.796,2.559168842,,,
1.798,2.124224421,,,
1.800,2.011461053,,,
1.802,2.027570105,,,
1.804,2.188660632,,,
1.806,2.430296421,,,
1.808,2.736368421,,,
1.810,2.897458947,,,
1.812,2.929677053,,,
1.814,2.752477474,,,
1.816,2.494732632,,,
1.818,2.156442526,,,
1.820,2.075897263,,,
1.822,2.075897263,,,
1.824,2.172551579,,,
1.826,2.381969263,,,
1.828,2.688041263,,,
1.830,2.800804632,,,
1.832,2.784695579,,,
1.834,2.639714105,,,
1.836,2.365860211,,,
1.838,2.043679158,,,
1.840,1.947024842,,,
1.842,1.963133895,,,
1.844,2.092006316,,,
1.846,2.333642105,,,
1.848,2.607496,,,
1.850,2.720259368,,,
1.852,2.720259368,,,
1.854,2.543059789,,,
1.856,2.285314947,,,
1.858,1.995352,,,
1.860,1.898697684,,,
1.862,1.882588632,,,
1.864,2.059788211,,,
1.866,2.333642105,,,
1.868,2.623605053,,,
1.870,2.768586526,,,
1.872,2.704150316,,,
1.874,2.559168842,,,
1.876,2.236987789,,,
1.878,2.011461053,,,
1.880,1.866479579,,,
1.882,1.930915789,,,
1.884,2.124224421,,,
1.886,2.365860211,,,
1.888,2.688041263,,,
1.890,2.720259368,,,
1.892,2.704150316,,,
1.894,2.559168842,,,
1.896,2.285314947,,,
1.898,1.947024842,,,
1.900,1.898697684,,,
1.902,1.882588632,,,
1.904,2.059788211,,,
1.906,2.317533053,,,
1.908,2.559168842,,,
1.910,2.623605053,,,
1.912,2.559168842,,,
1.914,2.349751158,,,
1.916,2.011461053,,,
1.918,1.785934316,,,
1.920,1.721498105,,,
1.922,1.914806737,,,
1.924,2.285314947,,,
1.926,2.849131789,,,
1.928,3.364621474,,,
1.930,3.670693474,,,
1.932,3.864002105,,,
1.934,4.041201684,,,
1.936,3.944547368,,,
1.938,3.702911579,,,
1.940,3.541821053,,,
1.942,3.364621474,,,
1.944,3.155203789,,,
1.946,3.348512421,,,
1.948,3.461275789,,,
1.950,3.332403368,,,
1.952,2.994113263,,,
1.954,2.446405474,,,
1.956,1.657061895,,,
1.958,1.399317053,,,
1.960,1.350989895,,,
1.962,1.447644211,,,
1.964,1.657061895,,,
1.966,2.011461053,,,
1.968,2.220878737,,,
1.970,2.349751158,,,
1.972,2.269205895,,,
1.974,2.236987789,,,
1.976,1.930915789,,,
1.978,1.802043368,,,
1.980,1.802043368,,,
1.982,1.914806737,,,
1.984,2.092006316,,,
1.986,2.462514526,,,
1.988,2.655823158,,,
1.990,2.768586526,,,
1.992,2.671932211,,,
1.994,2.575277895,,,
1.996,2.172551579,,,
1.998,1.995352,,,
2.000,1.898697684,,,
2.002,1.995352,,,
2.004,2.204769684,,,
2.006,2.591386947,,,
2.008,2.784695579,,,
2.010,2.849131789,,,
2.012,2.752477474,,,
2.014,2.559168842,,,
2.016,2.188660632,,,
2.018,1.979242947,,,
2.020,1.963133895,,,
2.022,2.092006316,,,
2.024,2.236987789,,,
2.026,2.591386947,,,
2.028,2.800804632,,,
2.030,2.849131789,,,
2.032,2.704150316,,,
2.034,2.543059789,,,
2.036,2.220878737,,,
2.038,2.011461053,,,
2.040,2.027570105,,,
2.042,2.124224421,,,
2.044,2.317533053,,,
2.046,2.688041263,,,
2.048,2.897458947,,,
2.050,2.929677053,,,
2.052,2.833022737,,,
2.054,2.607496,,,
2.056,2.285314947,,,
2.058,2.092006316,,,
2.060,2.108115368,,,
2.062,2.204769684,,,
2.064,2.430296421,,,
2.066,2.720259368,,,
2.068,2.929677053,,,
2.070,2.961895158,,,
2.072,2.800804632,,,
2.074,2.639714105,,,
2.076,2.253096842,,,
2.078,2.124224421,,,
2.080,2.108115368,,,
2.082,2.236987789,,,
2.084,2.462514526,,,
2.086,2.849131789,,,
2.088,2.945786105,,,
2.090,2.978004211,,,
2.092,2.833022737,,,
2.094,2.607496,,,
2.096,2.398078316,,,
2.098,2.188660632,,,
2.100,2.172551579,,,
2.102,2.381969263,,,
2.104,2.607496,,,
2.106,2.929677053,,,
2.108,3.074658526,,,
2.110,3.058549474,,,
2.112,2.929677053,,,
2.114,2.688041263,,,
2.116,2.381969263,,,
2.118,2.301424,,,
2.120,2.285314947,,,
2.122,2.494732632,,,
2.124,2.720259368,,,
2.126,2.945786105,,,
2.128,3.171312842,,,
2.130,3.155203789,,,
2.132,2.978004211,,,
2.134,2.816913684,,,
2.136,2.543059789,,,
2.138,2.381969263,,,
2.140,2.365860211,,,
2.142,2.559168842,,,
2.144,2.849131789,,,
2.146,3.187421895,,,
2.148,3.332403368,,,
2.150,3.316294316,,,
2.152,3.203530947,,,
2.154,2.897458947,,,
2.156,2.671932211,,,
2.158,2.543059789,,,
2.160,2.607496,,,
2.162,2.752477474,,,
2.164,3.042440421,,,
2.166,3.332403368,,,
2.168,3.461275789,,,
2.170,3.461275789,,,
2.172,3.284076211,,,
2.174,3.042440421,,,
2.176,2.752477474,,,
2.178,2.607496,,,
2.180,2.688041263,,,
2.182,2.800804632,,,
2.184,3.139094737,,,
2.186,3.445166737,,,
2.188,3.493493895,,,
2.190,3.429057684,,,
2.192,3.267967158,,,
2.194,3.026331368,,,
2.196,2.704150316,,,
2.198,2.639714105,,,
2.200,2.655823158,,,
2.202,2.768586526,,,
2.204,3.074658526,,,
2.206,3.300185263,,,
2.208,3.364621474,,,
2.210,3.284076211,,,
2.212,3.106876632,,,
2.214,2.768586526,,,
2.216,2.494732632,,,
2.218,2.285314947,,,
2.220,2.349751158,,,
2.222,2.478623579,,,
2.224,2.816913684,,,
2.226,3.026331368,,,
2.228,3.058549474,,,
2.230,2.961895158,,,
2.232,2.784695579,,,
2.234,2.430296421,,,
2.236,2.124224421,,,
2.238,2.027570105,,,
2.240,2.075897263,,,
2.242,2.253096842,,,
2.244,2.543059789,,,
2.246,2.784695579,,,
2.248,2.816913684,,,
2.250,2.736368421,,,
2.252,2.543059789,,,
2.254,2.269205895,,,
2.256,1.979242947,,,
2.258,1.947024842,,,
2.260,1.947024842,,,
2.262,2.059788211,,,
2.264,2.446405474,,,
2.266,2.671932211,,,
2.268,2.720259368,,,
2.270,2.688041263,,,
2.272,2.478623579,,,
2.274,2.108115368,,,
2.276,1.979242947,,,
2.278,1.866479579,,,
2.280,1.947024842,,,
2.282,2.108115368,,,
2.284,2.430296421,,,
2.286,2.655823158,,,
2.288,2.671932211,,,
2.290,2.623605053,,,
2.292,2.462514526,,,
2.294,2.108115368,,,
2.296,1.914806737,,,
2.298,1.866479579,,,
2.300,1.995352,,,
2.302,2.108115368,,,
2.304,2.510841684,,,
2.306,2.720259368,,,
2.308,2.816913684,,,
2.310,2.655823158,,,
2.312,2.494732632,,,
2.314,2.140333474,,,
2.316,1.947024842,,,
2.318,1.882588632,,,
2.320,1.995352,,,
2.322,2.188660632,,,
2.324,2.543059789,,,
2.326,2.704150316,,,
2.328,2.768586526,,,
2.330,2.704150316,,,
2.332,2.510841684,,,
2.334,2.156442526,,,
2.336,1.963133895,,,
2.338,1.930915789,,,
2.340,2.108115368,,,
2.342,2.301424,,,
2.344,2.688041263,,,
2.346,2.816913684,,,
2.348,2.865240842,,,
2.350,2.655823158,,,
2.352,2.526950737,,,
2.354,2.172551579,,,
2.356,1.995352,,,
2.358,1.930915789,,,
2.360,2.108115368,,,
2.362,2.301424,,,
2.364,2.688041263,,,
2.366,2.816913684,,,
2.368,2.816913684,,,
2.370,2.704150316,,,
2.372,2.526950737,,,
2.374,2.156442526,,,
2.376,1.995352,,,
2.378,1.979242947,,,
2.380,2.124224421,,,
2.382,2.301424,,,
2.384,2.623605053,,,
2.386,2.833022737,,,
2.388,2.865240842,,,
2.390,2.720259368,,,
2.392,2.478623579,,,
2.394,2.124224421,,,
2.396,2.011461053,,,
2.398,1.995352,,,
2.400,2.140333474,,,
2.402,2.365860211,,,
2.404,2.655823158,,,
2.406,2.881349895,,,
2.408,2.768586526,,,
2.410,2.607496,,,
2.412,2.446405474,,,
2.414,2.108115368,,,
2.416,1.995352,,,
2.418,1.995352,,,
2.420,2.140333474,,,
2.422,2.333642105,,,
2.424,2.623605053,,,
2.426,2.768586526,,,
2.428,2.752477474,,,
2.430,2.607496,,,
2.432,2.430296421,,,
2.434,2.108115368,,,
2.436,1.914806737,,,
2.438,1.995352,,,
2.440,2.124224421,,,
2.442,2.398078316,,,
2.444,2.688041263,,,
2.446,2.833022737,,,
2.448,2.784695579,,,
2.450,2.655823158,,,
2.452,2.333642105,,,
2.454,2.075897263,,,
2.456,2.011461053,,,
2.458,2.027570105,,,
2.460,2.156442526,,,
2.462,2.414187368,,,
2.464,2.655823158,,,
2.466,2.768586526,,,
2.468,2.752477474,,,
2.470,2.591386947,,,
2.472,2.365860211,,,
2.474,2.043679158,,,
2.476,1.947024842,,,
2.478,2.011461053,,,
2.480,2.204769684,,,
2.482,2.430296421,,,
2.484,2.655823158,,,
2.486,2.800804632,,,
2.488,2.768586526,,,
2.490,2.639714105,,,
2.492,2.333642105,,,
2.494,2.059788211,,,
2.496,1.963133895,,,
2.498,2.043679158,,,
2.500,2.236987789,,,
2.502,2.478623579,,,
2.504,2.736368421,,,
2.506,2.865240842,,,
2.508,2.833022737,,,
2.510,2.688041263,,,
2.512,2.398078316,,,
2.514,2.075897263,,,
2.516,2.092006316,,,
2.518,2.108115368,,,
2.520,2.317533053,,,
2.522,2.559168842,,,
2.524,2.800804632,,,
2.526,2.929677053,,,
2.528,2.833022737,,,
2.530,2.704150316,,,
2.532,2.430296421,,,
2.534,2.124224421,,,
2.536,2.043679158,,,
2.538,2.108115368,,,
2.540,2.285314947,,,
2.542,2.607496,,,
2.544,2.849131789,,,
2.546,2.865240842,,,
2.548,2.833022737,,,
2.550,2.655823158,,,
2.552,2.333642105,,,
2.554,2.043679158,,,
2.556,1.995352,,,
2.558,2.059788211,,,
2.560,2.156442526,,,
2.562,2.494732632,,,
2.564,2.720259368,,,
2.566,2.768586526,,,
2.568,2.688041263,,,
2.570,2.510841684,,,
2.572,2.172551579,,,
2.574,1.947024842,,,
2.576,1.882588632,,,
2.578,1.979242947,,,
2.580,2.108115368,,,
2.582,2.430296421,,,
2.584,2.736368421,,,
2.586,2.752477474,,,
2.588,2.671932211,,,
2.590,2.526950737,,,
2.592,2.172551579,,,
2.594,1.882588632,,,
2.596,1.882588632,,,
2.598,1.979242947,,,
2.600,2.124224421,,,
2.602,2.494732632,,,
2.604,2.688041263,,,
2.606,2.736368421,,,
2.608,2.639714105,,,
2.610,2.478623579,,,
2.612,2.140333474,,,
2.614,1.914806737,,,
2.616,1.866479579,,,
2.618,1.995352,,,
2.620,2.124224421,,,
2.622,2.478623579,,,
2.624,2.736368421,,,
2.626,2.720259368,,,
2.628,2.575277895,,,
2.630,2.381969263,,,
2.632,1.963133895,,,
2.634,1.802043368,,,
2.636,1.769825263,,,
2.638,1.898697684,,,
2.640,2.092006316,,,
2.642,2.575277895,,,
2.644,2.897458947,,,
2.646,3.122985684,,,
2.648,3.332403368,,,
2.650,3.348512421,,,
2.652,3.332403368,,,
2.654,3.477384842,,,
2.656,3.606257263,,,
2.658,3.896220211,,,
2.660,4.025092632,,,
2.662,4.234510316,,,
2.664,4.008983579,,,
2.666,3.654584421,,,
2.668,3.396839579,,,
2.670,3.074658526,,,
2.672,2.414187368,,,
2.674,2.043679158,,,
2.676,1.544298526,,,
2.678,1.463753263,,,
2.680,1.640952842,,,
2.682,1.995352,,,
2.684,2.253096842,,,
2.686,2.381969263,,,
2.688,2.253096842,,,
2.690,2.043679158,,,
2.692,1.785934316,,,
2.694,1.673170947,,,
2.696,1.753716211,,,
2.698,1.963133895,,,
2.700,2.269205895,,,
2.702,2.607496,,,
2.704,2.720259368,,,
2.706,2.784695579,,,
2.708,2.607496,,,
2.710,2.462514526,,,
2.712,2.108115368,,,
2.714,1.947024842,,,
2.716,1.963133895,,,
2.718,2.108115368,,,
2.720,2.381969263,,,
2.722,2.655823158,,,
2.724,2.849131789,,,
2.726,2.849131789,,,
2.728,2.720259368,,,
2.730,2.494732632,,,
2.732,2.204769684,,,
2.734,2.092006316,,,
2.736,2.043679158,,,
2.738,2.204769684,,,
2.740,2.430296421,,,
2.742,2.752477474,,,
2.744,2.929677053,,,
2.746,2.913568,,,
2.748,2.784695579,,,
2.750,2.494732632,,,
2.752,2.188660632,,,
2.754,2.059788211,,,
2.756,2.075897263,,,
2.758,2.285314947,,,
2.760,2.478623579,,,
2.762,2.784695579,,,
2.764,2.961895158,,,
2.766,2.945786105,,,
2.768,2.800804632,,,
2.770,2.494732632,,,
2.772,2.204769684,,,
2.774,2.092006316,,,
2.776,2.092006316,,,
2.778,2.285314947,,,
2.780,2.559168842,,,
2.782,2.816913684,,,
2.784,2.929677053,,,
2.786,2.945786105,,,
2.788,2.736368421,,,
2.790,2.526950737,,,
2.792,2.204769684,,,
2.794,2.108115368,,,
2.796,2.220878737,,,
2.798,2.365860211,,,
2.800,2.639714105,,,
2.802,2.929677053,,,
2.804,3.122985684,,,
2.806,2.929677053,,,
2.808,2.897458947,,,
2.810,2.543059789,,,
2.812,2.333642105,,,
2.814,2.236987789,,,
2.816,2.253096842,,,
2.818,2.446405474,,,
2.820,2.800804632,,,
2.822,2.994113263,,,
2.824,3.122985684,,,
2.826,3.058549474,,,
2.828,2.897458947,,,
2.830,2.639714105,,,
2.832,2.381969263,,,
2.834,2.285314947,,,
2.836,2.430296421,,,
2.838,2.526950737,,,
2.840,2.913568,,,
2.842,3.139094737,,,
2.844,3.235749053,,,
2.846,3.203530947,,,
2.848,3.058549474,,,
2.850,2.720259368,,,
2.852,2.494732632,,,
2.854,2.478623579,,,
2.856,2.559168842,,,
2.858,2.768586526,,,
2.860,3.074658526,,,
2.862,3.284076211,,,
2.864,3.412948632,,,
2.866,3.300185263,,,
2.868,3.155203789,,,
2.870,2.800804632,,,
2.872,2.671932211,,,
2.874,2.607496,,,
2.876,2.784695579,,,
2.878,2.865240842,,,
2.880,3.251858105,,,
2.882,3.493493895,,,
2.884,3.590148211,,,
2.886,3.557930105,,,
2.888,3.348512421,,,
2.890,2.994113263,,,
2.892,2.784695579,,,
2.894,2.704150316,,,
2.896,2.833022737,,,
2.898,3.010222316,,,
2.900,3.396839579,,,
2.902,3.590148211,,,
2.904,3.686802526,,,
2.906,3.557930105,,,
2.908,3.380730526,,,
2.910,2.994113263,,,
2.912,2.849131789,,,
2.914,2.736368421,,,
2.916,2.897458947,,,
2.918,3.026331368,,,
2.920,3.332403368,,,
2.922,3.509602947,,,
2.924,3.590148211,,,
2.926,3.461275789,,,
2.928,3.267967158,,,
2.930,2.865240842,,,
2.932,2.704150316,,,
2.934,2.575277895,,,
2.936,2.639714105,,,
2.938,2.736368421,,,
2.940,3.042440421,,,
2.942,3.21964,,,
2.944,3.251858105,,,
2.946,3.058549474,,,
2.948,2.897458947,,,
2.950,2.494732632,,,
2.952,2.285314947,,,
2.954,2.204769684,,,
2.956,2.301424,,,
2.958,2.462514526,,,
2.960,2.784695579,,,
2.962,2.913568,,,
2.964,2.929677053,,,
2.966,2.816913684,,,
2.968,2.639714105,,,
2.970,2.204769684,,,
2.972,2.043679158,,,
2.974,2.027570105,,,
2.976,2.124224421,,,
2.978,2.333642105,,,
2.980,2.688041263,,,
2.982,2.816913684,,,
2.984,2.800804632,,,
2.986,2.720259368,,,
2.988,2.478623579,,,
2.990,2.108115368,,,
2.992,1.914806737,,,
2.994,1.995352,,,
2.996,2.108115368,,,
2.998,2.285314947,,,
3.000,2.688041263,,,
3.002,2.849131789,,,
3.004,2.784695579,,,
3.006,2.623605053,,,
3.008,2.510841684,,,
3.010,2.140333474,,,
3.012,1.898697684,,,
3.014,1.963133895,,,
3.016,2.124224421,,,
3.018,2.333642105,,,
3.020,2.671932211,,,
3.022,2.816913684,,,
3.024,2.800804632,,,
3.026,2.688041263,,,
3.028,2.478623579,,,
3.030,2.140333474,,,
3.032,1.947024842,,,
3.034,2.011461053,,,
3.036,2.220878737,,,
3.038,2.430296421,,,
3.040,2.688041263,,,
3.042,2.833022737,,,
3.044,2.833022737,,,
3.046,2.671932211,,,
3.048,2.430296421,,,
3.050,2.140333474,,,
3.052,2.011461053,,,
3.054,2.027570105,,,
3.056,2.124224421,,,
3.058,2.446405474,,,
3.060,2.704150316,,,
3.062,2.897458947,,,
3.064,2.800804632,,,
3.066,2.639714105,,,
3.068,2.398078316,,,
3.070,2.108115368,,,
3.072,1.963133895,,,
3.074,2.092006316,,,
3.076,2.204769684,,,
3.078,2.462514526,,,
3.080,2.752477474,,,
3.082,2.849131789,,,
3.084,2.849131789,,,
3.086,2.671932211,,,
3.088,2.365860211,,,
3.090,2.124224421,,,
3.092,1.979242947,,,
3.094,2.059788211,,,
3.096,2.204769684,,,
3.098,2.462514526,,,
3.100,2.768586526,,,
3.102,2.865240842,,,
3.104,2.784695579,,,
3.106,2.623605053,,,
3.108,2.381969263,,,
3.110,2.059788211,,,
3.112,1.963133895,,,
3.114,2.043679158,,,
3.116,2.204769684,,,
3.118,2.543059789,,,
3.120,2.768586526,,,
3.122,2.881349895,,,
3.124,2.816913684,,,
3.126,2.704150316,,,
3.128,2.317533053,,,
3.130,2.075897263,,,
3.132,2.027570105,,,
3.134,1.963133895,,,
3.136,2.188660632,,,
3.138,2.494732632,,,
3.140,2.768586526,,,
3.142,2.849131789,,,
3.144,2.768586526,,,
3.146,2.639714105,,,
3.148,2.269205895,,,
3.150,2.075897263,,,
3.152,1.995352,,,
3.154,2.043679158,,,
3.156,2.204769684,,,
3.158,2.607496,,,
3.160,2.768586526,,,
3.162,2.865240842,,,
3.164,2.736368421,,,
3.166,2.623605053,,,
3.168,2.301424,,,
3.170,2.011461053,,,
3.172,1.963133895,,,
3.174,2.027570105,,,
3.176,2.188660632,,,
3.178,2.559168842,,,
3.180,2.752477474,,,
3.182,2.833022737,,,
3.184,2.784695579,,,
3.186,2.671932211,,,
3.188,2.269205895,,,
3.190,1.995352,,,
3.192,1.963133895,,,
3.194,2.075897263,,,
3.196,2.204769684,,,
3.198,2.559168842,,,
3.200,2.768586526,,,
3.202,2.816913684,,,
3.204,2.720259368,,,
3.206,2.575277895,,,
3.208,2.236987789,,,
3.210,1.947024842,,,
3.212,1.914806737,,,
3.214,2.043679158,,,
3.216,2.172551579,,,
3.218,2.559168842,,,
3.220,2.736368421,,,
3.222,2.816913684,,,
3.224,2.671932211,,,
3.226,2.526950737,,,
3.228,2.124224421,,,
3.230,1.947024842,,,
3.232,1.898697684,,,
3.234,2.027570105,,,
3.236,2.188660632,,,
3.238,2.559168842,,,
3.240,2.768586526,,,
3.242,2.784695579,,,
3.244,2.688041263,,,
3.246,2.478623579,,,
3.248,2.140333474,,,
3.250,1.979242947,,,
3.252,1.898697684,,,
3.254,2.027570105,,,
3.256,2.220878737,,,
3.258,2.543059789,,,
3.260,2.736368421,,,
3.262,2.768586526,,,
3.264,2.623605053,,,
3.266,2.430296421,,,
3.268,2.140333474,,,
3.270,1.882588632,,,
3.272,1.850370526,,,
3.274,2.043679158,,,
3.276,2.172551579,,,
3.278,2.559168842,,,
3.280,2.704150316,,,
3.282,2.752477474,,,
3.284,2.639714105,,,
3.286,2.478623579,,,
3.288,2.027570105,,,
3.290,2.011461053,,,
3.292,1.930915789,,,
3.294,2.043679158,,,
3.296,2.220878737,,,
3.298,2.591386947,,,
3.300,2.800804632,,,
3.302,2.816913684,,,
3.304,2.639714105,,,
3.306,2.446405474,,,
3.308,2.220878737,,,
3.310,1.979242947,,,
3.312,1.979242947,,,
3.314,2.140333474,,,
3.316,2.349751158,,,
3.318,2.688041263,,,
3.320,2.833022737,,,
3.322,2.865240842,,,
3.324,2.720259368,,,
3.326,2.510841684,,,
3.328,2.172551579,,,
3.330,2.027570105,,,
3.332,2.027570105,,,
3.334,2.156442526,,,
3.336,2.381969263,,,
3.338,2.704150316,,,
3.340,2.816913684,,,
3.342,2.752477474,,,
3.344,2.607496,,,
3.346,2.381969263,,,
3.348,2.092006316,,,
3.350,1.882588632,,,
3.352,1.930915789,,,
3.354,2.059788211,,,
3.356,2.317533053,,,
3.358,2.607496,,,
3.360,2.720259368,,,
3.362,2.639714105,,,
3.364,2.526950737,,,
3.366,2.269205895,,,
3.368,1.995352,,,
3.370,1.850370526,,,
3.372,1.898697684,,,
3.374,2.059788211,,,
3.376,2.269205895,,,
3.378,2.559168842,,,
3.380,2.688041263,,,
3.382,2.688041263,,,
3.384,2.494732632,,,
3.386,2.220878737,,,
3.388,1.882588632,,,
3.390,1.802043368,,,
3.392,1.834261474,,,
3.394,1.995352,,,
3.396,2.301424,,,
3.398,2.526950737,,,
3.400,2.720259368,,,
3.402,2.671932211,,,
3.404,2.478623579,,,
3.406,2.140333474,,,
3.408,1.866479579,,,
3.410,1.769825263,,,
3.412,1.802043368,,,
3.414,1.947024842,,,
3.416,2.253096842,,,
3.418,2.462514526,,,
3.420,2.494732632,,,
3.422,2.462514526,,,
3.424,2.333642105,,,
3.426,1.947024842,,,
3.428,1.705389053,,,
3.430,1.624843789,,,
3.432,1.866479579,,,
3.434,2.220878737,,,
3.436,2.720259368,,,
3.438,3.21964,,,
3.440,3.654584421,,,
3.442,3.864002105,,,
3.444,4.041201684,,,
3.446,4.025092632,,,
3.448,3.847893053,,,
3.450,3.670693474,,,
3.452,3.525712,,,
3.454,3.267967158,,,
3.456,3.364621474,,,
3.458,3.364621474,,,
3.460,3.21964,,,
3.462,2.800804632,,,
3.464,2.333642105,,,
3.466,1.673170947,,,
3.468,1.270444632,,,
3.470,1.206008421,,,
3.472,1.334880842,,,
3.474,1.479862316,,,
3.476,1.898697684,,,
3.478,2.140333474,,,
3.480,2.220878737,,,
3.482,2.269205895,,,
3.484,2.156442526,,,
3.486,1.898697684,,,
3.488,1.705389053,,,
3.490,1.705389053,,,
3.492,1.818152421,,,
3.494,2.027570105,,,
3.496,2.381969263,,,
3.498,2.639714105,,,
3.500,2.704150316,,,
3.502,2.575277895,,,
3.504,2.446405474,,,
3.506,2.092006316,,,
3.508,1.898697684,,,
3.510,1.834261474,,,
3.512,1.914806737,,,
3.514,2.172551579,,,
3.516,2.526950737,,,
3.518,2.655823158,,,
3.520,2.736368421,,,
3.522,2.688041263,,,
3.524,2.462514526,,,
3.526,2.140333474,,,
3.528,1.914806737,,,
3.530,1.834261474,,,
3.532,1.995352,,,
3.534,2.204769684,,,
3.536,2.526950737,,,
3.538,2.736368421,,,
3.540,2.816913684,,,
3.542,2.704150316,,,
3.544,2.510841684,,,
3.546,2.220878737,,,
3.548,1.930915789,,,
3.550,1.914806737,,,
3.552,2.059788211,,,
3.554,2.236987789,,,
3.556,2.591386947,,,
3.558,2.768586526,,,
3.560,2.849131789,,,
3.562,2.655823158,,,
3.564,2.478623579,,,
3.566,2.172551579,,,
3.568,1.963133895,,,
3.570,1.979242947,,,
3.572,2.140333474,,,
3.574,2.317533053,,,
3.576,2.623605053,,,
3.578,2.800804632,,,
3.580,2.865240842,,,
3.582,2.704150316,,,
3.584,2.526950737,,,
3.586,2.204769684,,,
3.588,2.027570105,,,
3.590,1.995352,,,
3.592,2.172551579,,,
3.594,2.398078316,,,
3.596,2.736368421,,,
3.598,2.865240842,,,
3.600,2.929677053,,,
3.602,2.784695579,,,
3.604,2.575277895,,,
3.606,2.236987789,,,
3.608,2.108115368,,,
3.610,2.108115368,,,
3.612,2.253096842,,,
3.614,2.462514526,,,
3.616,2.736368421,,,
3.618,2.913568,,,
3.620,2.978004211,,,
3.622,2.800804632,,,
3.624,2.655823158,,,
3.626,2.333642105,,,
3.628,2.204769684,,,
3.630,2.172551579,,,
3.632,2.446405474,,,
3.634,2.559168842,,,
3.636,2.897458947,,,
3.638,3.074658526,,,
3.640,3.122985684,,,
3.642,2.994113263,,,
3.644,2.704150316,,,
3.646,2.494732632,,,
3.648,2.398078316,,,
3.650,2.381969263,,,
3.652,2.543059789,,,
3.654,2.768586526,,,
3.656,3.155203789,,,
3.658,3.300185263,,,
3.660,3.284076211,,,
3.662,3.171312842,,,
3.664,2.929677053,,,
3.666,2.688041263,,,
3.668,2.591386947,,,
3.670,2.575277895,,,
3.672,2.736368421,,,
3.674,2.994113263,,,
3.676,3.300185263,,,
3.678,3.429057684,,,
3.680,3.461275789,,,
3.682,3.300185263,,,
3.684,3.026331368,,,
3.686,2.768586526,,,
3.688,2.639714105,,,
3.690,2.688041263,,,
3.692,2.800804632,,,
3.694,3.187421895,,,
3.696,3.412948632,,,
3.698,3.493493895,,,
3.700,3.445166737,,,
3.702,3.300185263,,,
3.704,3.026331368,,,
3.706,2.736368421,,,
3.708,2.639714105,,,
3.710,2.671932211,,,
3.712,2.752477474,,,
3.714,3.074658526,,,
3.716,3.332403368,,,
3.718,3.380730526,,,
3.720,3.300185263,,,
3.722,3.139094737,,,
3.724,2.833022737,,,
3.726,2.510841684,,,
3.728,2.349751158,,,
3.730,2.365860211,,,
3.732,2.526950737,,,
3.734,2.784695579,,,
3.736,3.010222316,,,
3.738,3.042440421,,,
3.740,2.978004211,,,
3.742,2.736368421,,,
3.744,2.414187368,,,
3.746,2.188660632,,,
3.748,2.011461053,,,
3.750,2.108115368,,,
3.752,2.220878737,,,
3.754,2.591386947,,,
3.756,2.768586526,,,
3.758,2.881349895,,,
3.760,2.752477474,,,
3.762,2.575277895,,,
3.764,2.253096842,,,
3.766,1.963133895,,,
3.768,1.866479579,,,
3.770,1.930915789,,,
3.772,2.108115368,,,
3.774,2.430296421,,,
3.776,2.623605053,,,
3.778,2.752477474,,,
3.780,2.655823158,,,
3.782,2.543059789,,,
3.784,2.220878737,,,
3.786,1.947024842,,,
3.788,1.850370526,,,
3.790,1.898697684,,,
3.792,2.075897263,,,
3.794,2.446405474,,,
3.796,2.671932211,,,
3.798,2.736368421,,,
3.800,2.639714105,,,
3.802,2.510841684,,,
3.804,2.140333474,,,
3.806,1.930915789,,,
3.808,1.834261474,,,
3.810,1.947024842,,,
3.812,2.140333474,,,
3.814,2.494732632,,,
3.816,2.671932211,,,
3.818,2.720259368,,,
3.820,2.623605053,,,
3.822,2.446405474,,,
3.824,2.124224421,,,
3.826,1.947024842,,,
3.828,1.802043368,,,
3.830,1.947024842,,,
3.832,2.156442526,,,
3.834,2.446405474,,,
3.836,2.720259368,,,
3.838,2.768586526,,,
3.840,2.639714105,,,
3.842,2.462514526,,,
3.844,2.108115368,,,
3.846,1.963133895,,,
3.848,1.914806737,,,
3.850,1.963133895,,,
3.852,2.204769684,,,
3.854,2.543059789,,,
3.856,2.688041263,,,
3.858,2.800804632,,,
3.860,2.655823158,,,
3.862,2.510841684,,,
3.864,2.172551579,,,
3.866,1.979242947,,,
3.868,1.947024842,,,
3.870,2.092006316,,,
3.872,2.269205895,,,
3.874,2.688041263,,,
3.876,2.849131789,,,
3.878,2.816913684,,,
3.880,2.736368421,,,
3.882,2.559168842,,,
3.884,2.188660632,,,
3.886,1.979242947,,,
3.888,1.947024842,,,
3.890,2.124224421,,,
3.892,2.349751158,,,
3.894,2.671932211,,,
3.896,2.784695579,,,
3.898,2.833022737,,,
3.900,2.688041263,,,
3.902,2.478623579,,,
3.904,2.108115368,,,
3.906,1.995352,,,
3.908,1.914806737,,,
3.910,2.075897263,,,
3.912,2.269205895,,,
3.914,2.623605053,,,
3.916,2.784695579,,,
3.918,2.800804632,,,
3.920,2.639714105,,,
3.922,2.446405474,,,
3.924,2.124224421,,,
3.926,1.979242947,,,
3.928,1.963133895,,,
3.930,2.140333474,,,
3.932,2.333642105,,,
3.934,2.655823158,,,
3.936,2.752477474,,,
3.938,2.768586526,,,
3.940,2.704150316,,,
3.942,2.446405474,,,
3.944,2.092006316,,,
3.946,1.930915789,,,
3.948,1.914806737,,,
3.950,2.092006316,,,
3.952,2.333642105,,,
3.954,2.671932211,,,
3.956,2.784695579,,,
3.958,2.784695579,,,
3.960,2.591386947,,,
3.962,2.349751158,,,
3.964,2.027570105,,,
3.966,1.930915789,,,
3.968,1.947024842,,,
3.970,2.092006316,,,
3.972,2.365860211,,,
3.974,2.623605053,,,
3.976,2.720259368,,,
3.978,2.736368421,,,
3.980,2.607496,,,
3.982,2.365860211,,,
3.984,2.043679158,,,
3.986,1.898697684,,,
3.988,1.947024842,,,
3.990,2.172551579,,,
3.992,2.398078316,,,
3.994,2.688041263,,,
3.996,2.752477474,,,
3.998,2.752477474,,,
4.000,2.607496,,,
4.002,2.333642105,,,
4.004,2.043679158,,,
4.006,1.866479579,,,
4.008,1.947024842,,,
4.010,2.108115368,,,
4.012,2.398078316,,,
4.014,2.671932211,,,
4.016,2.833022737,,,
4.018,2.736368421,,,
4.020,2.591386947,,,
4.022,2.285314947,,,
4.024,2.011461053,,,
4.026,1.898697684,,,
4.028,2.027570105,,,
4.030,2.108115368,,,
4.032,2.446405474,,,
4.034,2.704150316,,,
4.036,2.784695579,,,
4.038,2.736368421,,,
4.040,2.575277895,,,
4.042,2.269205895,,,
4.044,2.059788211,,,
4.046,1.947024842,,,
4.048,1.930915789,,,
4.050,2.156442526,,,
4.052,2.446405474,,,
4.054,2.720259368,,,
4.056,2.768586526,,,
4.058,2.720259368,,,
4.060,2.591386947,,,
4.062,2.220878737,,,
4.064,2.011461053,,,
4.066,1.898697684,,,
4.068,1.930915789,,,
4.070,2.140333474,,,
4.072,2.462514526,,,
4.074,2.671932211,,,
4.076,2.784695579,,,
4.078,2.688041263,,,
4.080,2.559168842,,,
4.082,2.253096842,,,
4.084,1.995352,,,
4.086,1.850370526,,,
4.088,1.995352,,,
4.090,2.092006316,,,
4.092,2.494732632,,,
4.094,2.688041263,,,
4.096,2.833022737,,,
4.098,2.671932211,,,
4.100,2.559168842,,,
4.102,2.140333474,,,
4.104,1.963133895,,,
4.106,1.914806737,,,
4.108,1.947024842,,,
4.110,2.124224421,,,
4.112,2.494732632,,,
4.114,2.704150316,,,
4.116,2.736368421,,,
4.118,2.720259368,,,
4.120,2.526950737,,,
4.122,2.204769684,,,
4.124,1.914806737,,,
4.126,1.882588632,,,
4.128,2.043679158,,,
4.130,2.140333474,,,
4.132,2.543059789,,,
4.134,2.720259368,,,
4.136,2.833022737,,,
4.138,2.688041263,,,
4.140,2.543059789,,,
4.142,2.204769684,,,
4.144,2.027570105,,,
4.146,1.947024842,,,
4.148,2.156442526,,,
4.150,2.236987789,,,
4.152,2.623605053,,,
4.154,2.849131789,,,
4.156,2.881349895,,,
4.158,2.720259368,,,
4.160,2.607496,,,
4.162,2.236987789,,,
4.164,2.027570105,,,
4.166,2.011461053,,,
4.168,2.124224421,,,
4.170,2.285314947,,,
4.172,2.671932211,,,
4.174,2.881349895,,,
4.176,2.881349895,,,
4.178,2.784695579,,,
4.180,2.607496,,,
4.182,2.269205895,,,
4.184,2.043679158,,,
4.186,1.995352,,,
4.188,2.188660632,,,
4.190,2.349751158,,,
4.192,2.688041263,,,
4.194,2.800804632,,,
4.196,2.833022737,,,
4.198,2.704150316,,,
4.200,2.510841684,,,
4.202,2.108115368,,,
4.204,1.979242947,,,
4.206,1.979242947,,,
4.208,2.108115368,,,
4.210,2.317533053,,,
4.212,2.639714105,,,
4.214,2.784695579,,,
4.216,2.768586526,,,
4.218,2.623605053,,,
4.220,2.398078316,,,
4.222,2.140333474,,,
4.224,1.898697684,,,
4.226,1.882588632,,,
4.228,2.043679158,,,
4.230,2.285314947,,,
4.232,2.591386947,,,
4.234,2.768586526,,,
4.236,2.800804632,,,
4.238,2.607496,,,
4.240,2.381969263,,,
4.242,2.075897263,,,
4.244,1.947024842,,,
4.246,1.914806737,,,
4.248,2.059788211,,,
4.250,2.349751158,,,
4.252,2.607496,,,
4.254,2.720259368,,,
4.256,2.720259368,,,
4.258,2.591386947,,,
4.260,2.365860211,,,
4.262,2.059788211,,,
4.264,1.898697684,,,
4.266,1.866479579,,,
4.268,2.027570105,,,
4.270,2.253096842,,,
4.272,2.526950737,,,
4.274,2.623605053,,,
4.276,2.655823158,,,
4.278,2.462514526,,,
4.280,2.172551579,,,
4.282,1.979242947,,,
4.284,1.979242947,,,
4.286,2.124224421,,,
4.288,2.543059789,,,
4.290,3.026331368,,,
4.292,3.622366316,,,
4.294,4.008983579,,,
4.296,4.331164632,,,
4.298,4.427818947,,,
4.300,4.186183158,,,
4.302,3.767347789,,,
4.304,3.461275789,,,
4.306,2.978004211,,,
4.308,3.026331368,,,
4.310,3.21964,,,
4.312,3.284076211,,,
4.314,3.106876632,,,
4.316,2.655823158,,,
4.318,2.108115368,,,
4.320,1.721498105,,,
4.322,1.512080421,,,
4.324,1.463753263,,,
4.326,1.479862316,,,
4.328,1.673170947,,,
4.330,1.898697684,,,
4.332,2.204769684,,,
4.334,2.398078316,,,
4.336,2.478623579,,,
4.338,2.349751158,,,
4.340,2.108115368,,,
4.342,1.882588632,,,
4.344,1.818152421,,,
4.346,1.914806737,,,
4.348,2.108115368,,,
4.350,2.430296421,,,
4.352,2.720259368,,,
4.354,2.800804632,,,
4.356,2.736368421,,,
4.358,2.623605053,,,
4.360,2.285314947,,,
4.362,2.043679158,,,
4.364,1.963133895,,,
4.366,2.059788211,,,
4.368,2.204769684,,,
4.370,2.575277895,,,
4.372,2.784695579,,,
4.374,2.881349895,,,
4.376,2.816913684,,,
4.378,2.720259368,,,
4.380,2.414187368,,,
4.382,2.124224421,,,
4.384,2.059788211,,,
4.386,2.156442526,,,
4.388,2.269205895,,,
4.390,2.591386947,,,
4.392,2.849131789,,,
4.394,2.897458947,,,
4.396,2.849131789,,,
4.398,2.720259368,,,
4.400,2.414187368,,,
4.402,2.156442526,,,
4.404,2.059788211,,,
4.406,2.188660632,,,
4.408,2.365860211,,,
4.410,2.688041263,,,
4.412,2.929677053,,,
4.414,3.010222316,,,
4.416,2.929677053,,,
4.418,2.752477474,,,
4.420,2.398078316,,,
4.422,2.220878737,,,
4.424,2.156442526,,,
4.426,2.236987789,,,
4.428,2.398078316,,,
4.430,2.800804632,,,
4.432,3.042440421,,,
4.434,3.042440421,,,
4.436,2.961895158,,,
4.438,2.849131789,,,
4.440,2.494732632,,,
4.442,2.301424,,,
4.444,2.253096842,,,
4.446,2.365860211,,,
4.448,2.526950737,,,
4.450,2.865240842,,,
4.452,3.139094737,,,
4.454,3.090767579,,,
4.456,3.042440421,,,
4.458,2.833022737,,,
4.460,2.543059789,,,
4.462,2.333642105,,,
4.464,2.317533053,,,
4.466,2.430296421,,,
4.468,2.591386947,,,
4.470,3.026331368,,,
4.472,3.203530947,,,
4.474,3.203530947,,,
4.476,3.155203789,,,
4.478,2.994113263,,,
4.480,2.623605053,,,
4.482,2.414187368,,,
4.484,2.398078316,,,
4.486,2.494732632,,,
4.488,2.784695579,,,
4.490,3.106876632,,,
4.492,3.267967158,,,
4.494,3.332403368,,,
4.496,3.267967158,,,
4.498,3.074658526,,,
4.500,2.688041263,,,
4.502,2.591386947,,,
4.504,2.591386947,,,
4.506,2.720259368,,,
4.508,2.929677053,,,
4.510,3.316294316,,,
4.512,3.493493895,,,
4.514,3.574039158,,,
4.516,3.332403368,,,
4.518,3.203530947,,,
4.520,2.865240842,,,
4.522,2.688041263,,,
4.524,2.768586526,,,
4.526,2.897458947,,,
4.528,3.155203789,,,
4.530,3.477384842,,,
4.532,3.606257263,,,
4.534,3.622366316,,,
4.536,3.509602947,,,
4.538,3.284076211,,,
4.540,2.929677053,,,
4.542,2.849131789,,,
4.544,2.833022737,,,
4.546,2.994113263,,,
4.548,3.187421895,,,
4.550,3.509602947,,,
4.552,3.622366316,,,
4.554,3.654584421,,,
4.556,3.461275789,,,
4.558,3.187421895,,,
4.560,2.929677053,,,
4.562,2.784695579,,,
4.564,2.784695579,,,
4.566,2.897458947,,,
4.568,3.122985684,,,
4.570,3.412948632,,,
4.572,3.525712,,,
4.574,3.541821053,,,
4.576,3.284076211,,,
4.578,3.010222316,,,
4.580,2.671932211,,,
4.582,2.526950737,,,
4.584,2.478623579,,,
4.586,2.623605053,,,
4.588,2.816913684,,,
4.590,3.106876632,,,
4.592,3.203530947,,,
4.594,3.106876632,,,
4.596,2.929677053,,,
4.598,2.704150316,,,
4.600,2.671932211,,,
4.602,2.349751158,,,
4.604,2.075897263,,,
4.606,2.011461053,,,
4.608,2.092006316,,,
4.610,2.220878737,,,
4.612,2.510841684,,,
4.614,2.800804632,,,
4.616,2.929677053,,,
4.618,2.849131789,,,
4.620,2.655823158,,,
4.622,2.349751158,,,
4.624,2.108115368,,,
4.626,2.075897263,,,
4.628,2.108115368,,,
4.630,2.236987789,,,
4.632,2.575277895,,,
4.634,2.800804632,,,
4.636,2.929677053,,,
4.638,2.833022737,,,
4.640,2.704150316,,,
4.642,2.317533053,,,
4.644,2.172551579,,,
4.646,2.092006316,,,
4.648,2.156442526,,,
4.650,2.301424,,,
4.652,2.671932211,,,
4.654,2.897458947,,,
4.656,2.929677053,,,
4.658,2.833022737,,,
4.660,2.736368421,,,
4.662,2.446405474,,,
4.664,2.140333474,,,
4.666,2.092006316,,,
4.668,2.156442526,,,
4.670,2.333642105,,,
4.672,2.720259368,,,
4.674,2.881349895,,,
4.676,2.961895158,,,
4.678,2.849131789,,,
4.680,2.752477474,,,
4.682,2.365860211,,,
4.684,2.156442526,,,
4.686,2.092006316,,,
4.688,2.204769684,,,
4.690,2.381969263,,,
4.692,2.704150316,,,
4.694,2.897458947,,,
4.696,2.994113263,,,
4.698,2.897458947,,,
4.700,2.688041263,,,
4.702,2.365860211,,,
4.704,2.172551579,,,
4.706,2.108115368,,,
4.708,2.220878737,,,
4.710,2.349751158,,,
4.712,2.688041263,,,
4.714,2.913568,,,
4.716,3.026331368,,,
4.718,2.833022737,,,
4.720,2.688041263,,,
4.722,2.333642105,,,
4.724,2.124224421,,,
4.726,2.043679158,,,
4.728,2.188660632,,,
4.730,2.317533053,,,
4.732,2.688041263,,,
4.734,2.897458947,,,
4.736,2.913568,,,
4.738,2.849131789,,,
4.740,2.639714105,,,
4.742,2.269205895,,,
4.744,2.043679158,,,
4.746,2.059788211,,,
4.748,2.172551579,,,
4.750,2.349751158,,,
4.752,2.655823158,,,
4.754,2.929677053,,,
4.756,2.913568,,,
4.758,2.800804632,,,
4.760,2.607496,,,
4.762,2.220878737,,,
4.764,2.027570105,,,
4.766,2.027570105,,,
4.768,2.236987789,,,
4.770,2.414187368,,,
4.772,2.768586526,,,
4.774,2.865240842,,,
4.776,2.865240842,,,
4.778,2.752477474,,,
4.780,2.575277895,,,
4.782,2.253096842,,,
4.784,2.027570105,,,
4.786,2.075897263,,,
4.788,2.220878737,,,
4.790,2.430296421,,,
4.792,2.736368421,,,
4.794,2.929677053,,,
4.796,2.945786105,,,
4.798,2.752477474,,,
4.800,2.526950737,,,
4.802,2.220878737,,,
4.804,2.108115368,,,
4.806,2.043679158,,,
4.808,2.156442526,,,
4.810,2.430296421,,,
4.812,2.752477474,,,
4.814,2.929677053,,,
4.816,2.913568,,,
4.818,2.736368421,,,
4.820,2.526950737,,,
4.822,2.220878737,,,
4.824,2.075897263,,,
4.826,2.108115368,,,
4.828,2.172551579,,,
4.830,2.478623579,,,
4.832,2.800804632,,,
4.834,2.897458947,,,
4.836,2.849131789,,,
4.838,2.720259368,,,
4.840,2.478623579,,,
4.842,2.172551579,,,
4.844,2.108115368,,,
4.846,2.059788211,,,
4.848,2.220878737,,,
4.850,2.462514526,,,
4.852,2.768586526,,,
4.854,2.929677053,,,
4.856,2.913568,,,
4.858,2.768586526,,,
4.860,2.462514526,,,
4.862,2.220878737,,,
4.864,2.075897263,,,
4.866,2.108115368,,,
4.868,2.236987789,,,
4.870,2.607496,,,
4.872,2.800804632,,,
4.874,2.897458947,,,
4.876,2.913568,,,
4.878,2.784695579,,,
4.880,2.526950737,,,
4.882,2.156442526,,,
4.884,1.995352,,,
4.886,2.092006316,,,
4.888,2.253096842,,,
4.890,2.607496,,,
4.892,2.800804632,,,
4.894,2.945786105,,,
4.896,2.945786105,,,
4.898,2.720259368,,,
4.900,2.494732632,,,
4.902,2.269205895,,,
4.904,2.140333474,,,
4.906,2.156442526,,,
4.908,2.365860211,,,
4.910,2.655823158,,,
4.912,2.929677053,,,
4.914,2.994113263,,,
4.916,2.961895158,,,
4.918,2.784695579,,,
4.920,2.526950737,,,
4.922,2.253096842,,,
4.924,2.172551579,,,
4.926,2.204769684,,,
4.928,2.333642105,,,
4.930,2.736368421,,,
4.932,2.994113263,,,
4.934,3.090767579,,,
4.936,2.994113263,,,
4.938,2.881349895,,,
4.940,2.543059789,,,
4.942,2.269205895,,,
4.944,2.236987789,,,
4.946,2.269205895,,,
4.948,2.414187368,,,
4.950,2.736368421,,,
4.952,2.929677053,,,
4.954,3.010222316,,,
4.956,3.010222316,,,
4.958,2.768586526,,,
4.960,2.430296421,,,
4.962,2.220878737,,,
4.964,2.124224421,,,
4.966,2.156442526,,,
4.968,2.285314947,,,
4.970,2.688041263,,,
4.972,2.865240842,,,
4.974,2.881349895,,,
4.976,2.897458947,,,
4.978,2.688041263,,,
4.980,2.333642105,,,
4.982,2.156442526,,,
4.984,2.027570105,,,
4.986,2.140333474,,,
4.988,2.253096842,,,
4.990,2.704150316,,,
4.992,2.881349895,,,
4.994,2.929677053,,,
4.996,2.833022737,,,
4.998,2.639714105,,,
5.000,2.333642105,,,
5.002,2.156442526,,,
5.004,2.075897263,,,
5.006,2.140333474,,,
5.008,2.333642105,,,
5.010,2.671932211,,,
5.012,2.849131789,,,
5.014,2.897458947,,,
5.016,2.752477474,,,
5.018,2.704150316,,,
5.020,2.253096842,,,
5.022,2.124224421,,,
5.024,2.059788211,,,
5.026,2.124224421,,,
5.028,2.285314947,,,
5.030,2.623605053,,,
5.032,2.752477474,,,
5.034,2.784695579,,,
5.036,2.655823158,,,
5.038,2.462514526,,,
5.040,2.092006316,,,
5.042,1.979242947,,,
5.044,2.124224421,,,
5.046,2.462514526,,,
5.048,2.881349895,,,
5.050,3.461275789,,,
5.052,3.864002105,,,
5.054,4.153965053,,,
5.056,4.298946526,,,
5.058,4.331164632,,,
5.060,3.928438316,,,
5.062,3.574039158,,,
5.064,3.21964,,,
5.066,3.042440421,,,
5.068,3.122985684,,,
5.070,3.380730526,,,
5.072,3.316294316,,,
5.074,3.074658526,,,
5.076,2.430296421,,,
5.078,1.995352,,,
5.080,1.673170947,,,
5.082,1.528189474,,,
5.084,1.576516632,,,
5.086,1.657061895,,,
5.088,1.866479579,,,
5.090,2.269205895,,,
5.092,2.349751158,,,
5.094,2.446405474,,,
5.096,2.381969263,,,
5.098,2.236987789,,,
5.100,2.043679158,,,
5.102,1.930915789,,,
5.104,1.995352,,,
5.106,2.156442526,,,
5.108,2.381969263,,,
5.110,2.784695579,,,
5.112,2.913568,,,
5.114,2.978004211,,,
5.116,2.849131789,,,
5.118,2.607496,,,
5.120,2.317533053,,,
5.122,2.188660632,,,
5.124,2.220878737,,,
5.126,2.317533053,,,
5.128,2.623605053,,,
5.130,2.929677053,,,
5.132,3.026331368,,,
5.134,3.026331368,,,
5.136,2.913568,,,
5.138,2.655823158,,,
5.140,2.317533053,,,
5.142,2.220878737,,,
5.144,2.253096842,,,
5.146,2.430296421,,,
5.148,2.671932211,,,
5.150,2.945786105,,,
5.152,3.074658526,,,
5.154,3.058549474,,,
5.156,2.913568,,,
5.158,2.671932211,,,
5.160,2.349751158,,,
5.162,2.253096842,,,
5.164,2.253096842,,,
5.166,2.430296421,,,
5.168,2.720259368,,,
5.170,3.010222316,,,
5.172,3.074658526,,,
5.174,3.090767579,,,
5.176,2.929677053,,,
5.178,2.671932211,,,
5.180,2.398078316,,,
5.182,2.236987789,,,
5.184,2.269205895,,,
5.186,2.478623579,,,
5.188,2.784695579,,,
5.190,3.042440421,,,
5.192,3.171312842,,,
5.194,3.139094737,,,
5.196,2.978004211,,,
5.198,2.704150316,,,
5.200,2.414187368,,,
5.202,2.349751158,,,
5.204,2.381969263,,,
5.206,2.559168842,,,
5.208,2.865240842,,,
5.210,3.171312842,,,
5.212,3.284076211,,,
5.214,3.203530947,,,
5.216,3.090767579,,,
5.218,2.784695579,,,
5.220,2.559168842,,,
5.222,2.414187368,,,
5.224,2.462514526,,,
5.226,2.639714105,,,
5.228,2.961895158,,,
5.230,3.235749053,,,
5.232,3.267967158,,,
5.234,3.267967158,,,
5.236,3.122985684,,,
5.238,2.816913684,,,
5.240,2.575277895,,,
5.242,2.526950737,,,
5.244,2.575277895,,,
5.246,2.704150316,,,
5.248,3.106876632,,,
5.250,3.348512421,,,
5.252,3.445166737,,,
5.254,3.380730526,,,
5.256,3.187421895,,,
5.258,2.881349895,,,
5.260,2.704150316,,,
5.262,2.655823158,,,
5.264,2.704150316,,,
5.266,2.881349895,,,
5.268,3.284076211,,,
5.270,3.493493895,,,
5.272,3.606257263,,,
5.274,3.557930105,,,
5.276,3.396839579,,,
5.278,3.106876632,,,
5.280,2.784695579,,,
5.282,2.784695579,,,
5.284,2.881349895,,,
5.286,3.090767579,,,
5.288,3.429057684,,,
5.290,3.638475368,,,
5.292,3.767347789,,,
5.294,3.638475368,,,
5.296,3.493493895,,,
5.298,3.106876632,,,
5.300,3.010222316,,,
5.302,2.929677053,,,
5.304,3.010222316,,,
5.306,3.187421895,,,
5.308,3.525712,,,
5.310,3.719020632,,,
5.312,3.799565895,,,
5.314,3.670693474,,,
5.316,3.509602947,,,
5.318,3.155203789,,,
5.320,2.913568,,,
5.322,2.881349895,,,
5.324,2.945786105,,,
5.326,3.090767579,,,
5.328,3.412948632,,,
5.330,3.557930105,,,
5.332,3.606257263,,,
5.334,3.445166737,,,
5.336,3.251858105,,,
5.338,2.833022737,,,
5.340,2.591386947,,,
5.342,2.575277895,,,
5.344,2.623605053,,,
5.346,2.752477474,,,
5.348,3.090767579,,,
5.350,3.251858105,,,
5.352,3.251858105,,,
5.354,3.106876632,,,
5.356,2.929677053,,,
5.358,2.559168842,,,
5.360,2.301424,,,
5.362,2.253096842,,,
5.364,2.365860211,,,
5.366,2.575277895,,,
5.368,2.881349895,,,
5.370,3.058549474,,,
5.372,3.042440421,,,
5.374,2.897458947,,,
5.376,2.704150316,,,
5.378,2.317533053,,,
5.380,2.140333474,,,
5.382,2.124224421,,,
5.384,2.204769684,,,
5.386,2.430296421,,,
5.388,2.752477474,,,
5.390,2.929677053,,,
5.392,2.929677053,,,
5.394,2.800804632,,,
5.396,2.607496,,,
5.398,2.285314947,,,
5.400,2.092006316,,,
5.402,2.027570105,,,
5.404,2.188660632,,,
5.406,2.462514526,,,
5.408,2.784695579,,,
5.410,2.913568,,,
5.412,2.897458947,,,
5.414,2.736368421,,,
5.416,2.559168842,,,
5.418,2.204769684,,,
5.420,2.108115368,,,
5.422,2.092006316,,,
5.424,2.236987789,,,
5.426,2.478623579,,,
5.428,2.800804632,,,
5.430,2.913568,,,
5.432,2.961895158,,,
5.434,2.800804632,,,
5.436,2.559168842,,,
5.438,2.285314947,,,
5.440,2.172551579,,,
5.442,2.124224421,,,
5.444,2.285314947,,,
5.446,2.559168842,,,
5.448,2.816913684,,,
5.450,2.978004211,,,
5.452,2.945786105,,,
5.454,2.833022737,,,
5.456,2.639714105,,,
5.458,2.301424,,,
5.460,2.188660632,,,
5.462,2.204769684,,,
5.464,2.333642105,,,
5.466,2.607496,,,
5.468,2.961895158,,,
5.470,3.058549474,,,
5.472,3.010222316,,,
5.474,2.816913684,,,
5.476,2.591386947,,,
5.478,2.333642105,,,
5.480,2.140333474,,,
5.482,2.220878737,,,
5.484,2.333642105,,,
5.486,2.655823158,,,
5.488,2.913568,,,
5.490,3.026331368,,,
5.492,3.010222316,,,
5.494,2.849131789,,,
5.496,2.559168842,,,
5.498,2.301424,,,
5.500,2.188660632,,,
5.502,2.204769684,,,
5.504,2.333642105,,,
5.506,2.623605053,,,
5.508,2.897458947,,,
5.510,3.042440421,,,
5.512,2.961895158,,,
5.514,2.816913684,,,
5.516,2.526950737,,,
5.518,2.269205895,,,
5.520,2.140333474,,,
5.522,2.220878737,,,
5.524,2.333642105,,,
5.526,2.623605053,,,
5.528,2.913568,,,
5.530,2.961895158,,,
5.532,2.929677053,,,
5.534,2.752477474,,,
5.536,2.478623579,,,
5.538,2.204769684,,,
5.540,2.092006316,,,
5.542,2.172551579,,,
5.544,2.317533053,,,
5.546,2.671932211,,,
5.548,2.897458947,,,
5.550,2.978004211,,,
5.552,2.897458947,,,
5.554,2.752477474,,,
5.556,2.398078316,,,
5.558,2.172551579,,,
5.560,2.092006316,,,
5.562,2.156442526,,,
5.564,2.301424,,,
5.566,2.623605053,,,
5.568,2.865240842,,,
5.570,2.929677053,,,
5.572,2.849131789,,,
5.574,2.720259368,,,
5.576,2.381969263,,,
5.578,2.124224421,,,
5.580,2.059788211,,,
5.582,2.108115368,,,
5.584,2.269205895,,,
5.586,2.671932211,,,
5.588,2.865240842,,,
5.590,2.929677053,,,
5.592,2.865240842,,,
5.594,2.688041263,,,
5.596,2.317533053,,,
5.598,2.108115368,,,
5.600,2.043679158,,,
5.602,2.140333474,,,
5.604,2.301424,,,
5.606,2.688041263,,,
5.608,2.897458947,,,
5.610,2.978004211,,,
5.612,2.784695579,,,
5.614,2.623605053,,,
5.616,2.317533053,,,
5.618,2.124224421,,,
5.620,2.043679158,,,
5.622,2.188660632,,,
5.624,2.333642105,,,
5.626,2.688041263,,,
5.628,2.865240842,,,
5.630,2.961895158,,,
5.632,2.752477474,,,
5.634,2.655823158,,,
5.636,2.333642105,,,
5.638,2.108115368,,,
5.640,2.075897263,,,
5.642,2.172551579,,,
5.644,2.381969263,,,
5.646,2.768586526,,,
5.648,2.881349895,,,
5.650,2.961895158,,,
5.652,2.833022737,,,
5.654,2.639714105,,,
5.656,2.285314947,,,
5.658,2.092006316,,,
5.660,2.108115368,,,
5.662,2.204769684,,,
5.664,2.446405474,,,
5.666,2.720259368,,,
5.668,2.945786105,,,
5.670,2.994113263,,,
5.672,2.833022737,,,
5.674,2.688041263,,,
5.676,2.349751158,,,
5.678,2.108115368,,,
5.680,2.108115368,,,
5.682,2.236987789,,,
5.684,2.414187368,,,
5.686,2.768586526,,,
5.688,2.929677053,,,
5.690,2.994113263,,,
5.692,2.865240842,,,
5.694,2.688041263,,,
5.696,2.301424,,,
5.698,2.172551579,,,
5.700,2.124224421,,,
5.702,2.253096842,,,
5.704,2.462514526,,,
5.706,2.816913684,,,
5.708,2.961895158,,,
5.710,2.978004211,,,
5.712,2.849131789,,,
5.714,2.671932211,,,
5.716,2.333642105,,,
5.718,2.204769684,,,
5.720,2.204769684,,,
5.722,2.333642105,,,
5.724,2.575277895,,,
5.726,2.897458947,,,
5.728,3.026331368,,,
5.730,3.042440421,,,
5.732,2.881349895,,,
5.734,2.671932211,,,
5.736,2.365860211,,,
5.738,2.236987789,,,
5.740,2.188660632,,,
5.742,2.398078316,,,
5.744,2.575277895,,,
5.746,2.929677053,,,
5.748,3.026331368,,,
5.750,3.010222316,,,
5.752,2.800804632,,,
5.754,2.575277895,,,
5.756,2.253096842,,,
5.758,2.124224421,,,
5.760,2.124224421,,,
5.762,2.269205895,,,
5.764,2.526950737,,,
5.766,2.784695579,,,
5.768,2.897458947,,,
5.770,2.881349895,,,
5.772,2.752477474,,,
5.774,2.462514526,,,
5.776,2.172551579,,,
5.778,2.075897263,,,
5.780,2.108115368,,,
5.782,2.236987789,,,
5.784,2.526950737,,,
5.786,2.752477474,,,
5.788,2.865240842,,,
5.790,2.833022737,,,
5.792,2.688041263,,,
5.794,2.365860211,,,
5.796,2.124224421,,,
5.798,2.011461053,,,
5.800,2.124224421,,,
5.802,2.188660632,,,
5.804,2.478623579,,,
5.806,2.768586526,,,
5.808,2.865240842,,,
5.810,2.865240842,,,
5.812,2.671932211,,,
5.814,2.349751158,,,
5.816,2.124224421,,,
5.818,2.043679158,,,
5.820,2.075897263,,,
5.822,2.253096842,,,
5.824,2.575277895,,,
5.826,2.768586526,,,
5.828,2.865240842,,,
5.830,2.736368421,,,
5.832,2.543059789,,,
5.834,2.236987789,,,
5.836,1.947024842,,,
5.838,1.834261474,,,
5.840,1.866479579,,,
5.842,2.108115368,,,
5.844,2.559168842,,,
5.846,3.010222316,,,
5.848,3.284076211,,,
5.850,3.493493895,,,
5.852,3.606257263,,,
5.854,3.557930105,,,
5.856,3.590148211,,,
5.858,3.735129684,,,
5.860,3.912329263,,,
5.862,3.976765474,,,
5.864,4.089528842,,,
5.866,3.928438316,,,
5.868,3.783456842,,,
5.870,3.622366316,,,
5.872,3.284076211,,,
5.874,2.591386947,,,
5.876,2.075897263,,,
5.878,1.560407579,,,
5.880,1.528189474,,,
5.882,1.753716211,,,
5.884,2.108115368,,,
5.886,2.317533053,,,
5.888,2.446405474,,,
5.890,2.269205895,,,
5.892,2.172551579,,,
5.894,1.898697684,,,
5.896,1.737607158,,,
5.898,1.737607158,,,
5.900,1.914806737,,,
5.902,2.092006316,,,
5.904,2.526950737,,,
5.906,2.800804632,,,
5.908,2.849131789,,,
5.910,2.784695579,,,
5.912,2.607496,,,
5.914,2.220878737,,,
5.916,2.059788211,,,
5.918,2.059788211,,,
5.920,2.124224421,,,
5.922,2.317533053,,,
5.924,2.671932211,,,
5.926,2.849131789,,,
5.928,2.897458947,,,
5.930,2.800804632,,,
5.932,2.639714105,,,
5.934,2.333642105,,,
5.936,2.092006316,,,
5.938,2.059788211,,,
5.940,2.188660632,,,
5.942,2.365860211,,,
5.944,2.720259368,,,
5.946,2.865240842,,,
5.948,2.913568,,,
5.950,2.865240842,,,
5.952,2.671932211,,,
5.954,2.333642105,,,
5.956,2.156442526,,,
5.958,2.092006316,,,
5.960,2.220878737,,,
5.962,2.462514526,,,
5.964,2.800804632,,,
5.966,2.961895158,,,
5.968,3.042440421,,,
5.970,2.913568,,,
5.972,2.720259368,,,
5.974,2.430296421,,,
5.976,2.220878737,,,
5.978,2.124224421,,,
5.980,2.269205895,,,
5.982,2.462514526,,,
5.984,2.849131789,,,
5.986,3.058549474,,,
5.988,3.058549474,,,
5.990,2.865240842,,,
5.992,2.671932211,,,
5.994,2.317533053,,,
5.996,2.172551579,,,
5.998,2.236987789,,,
6.000,2.398078316,,,
6.002,2.526950737,,,
6.004,2.897458947,,,
6.006,3.026331368,,,
6.008,3.058549474,,,
6.010,2.913568,,,
6.012,2.752477474,,,
6.014,2.430296421,,,
6.016,2.333642105,,,
6.018,2.301424,,,
6.020,2.446405474,,,
6.022,2.671932211,,,
6.024,2.897458947,,,
6.026,3.139094737,,,
6.028,3.187421895,,,
6.030,3.010222316,,,
6.032,2.816913684,,,
6.034,2.510841684,,,
6.036,2.414187368,,,
6.038,2.365860211,,,
6.040,2.494732632,,,
6.042,2.800804632,,,
6.044,3.090767579,,,
6.046,3.284076211,,,
6.048,3.284076211,,,
6.050,3.106876632,,,
6.052,2.849131789,,,
6.054,2.543059789,,,
6.056,2.462514526,,,
6.058,2.494732632,,,
6.060,2.671932211,,,
6.062,2.913568,,,
6.064,3.203530947,,,
6.066,3.412948632,,,
6.068,3.364621474,,,
6.070,3.251858105,,,
6.072,3.010222316,,,
6.074,2.736368421,,,
6.076,2.655823158,,,
6.078,2.688041263,,,
6.080,2.881349895,,,
6.082,3.106876632,,,
6.084,3.412948632,,,
6.086,3.606257263,,,
6.088,3.590148211,,,
6.090,3.380730526,,,
6.092,3.203530947,,,
6.094,2.881349895,,,
6.096,2.768586526,,,
6.098,2.816913684,,,
6.100,2.961895158,,,
6.102,3.300185263,,,
6.104,3.557930105,,,
6.106,3.670693474,,,
6.108,3.638475368,,,
6.110,3.461275789,,,
6.112,3.139094737,,,
6.114,2.849131789,,,
6.116,2.752477474,,,
6.118,2.768586526,,,
6.120,2.961895158,,,
6.122,3.267967158,,,
6.124,3.541821053,,,
6.126,3.574039158,,,
6.128,3.509602947,,,
6.130,3.332403368,,,
6.132,2.978004211,,,
6.134,2.704150316,,,
6.136,2.575277895,,,
6.138,2.543059789,,,
6.140,2.688041263,,,
6.142,2.978004211,,,
6.144,3.171312842,,,
6.146,3.251858105,,,
6.148,3.203530947,,,
6.150,2.994113263,,,
6.152,2.639714105,,,
6.154,2.365860211,,,
6.156,2.204769684,,,
6.158,2.236987789,,,
6.160,2.398078316,,,
6.162,2.720259368,,,
6.164,2.913568,,,
6.166,2.945786105,,,
6.168,2.913568,,,
6.170,2.736368421,,,
6.172,2.349751158,,,
6.174,2.108115368,,,
6.176,1.995352,,,
6.178,2.075897263,,,
6.180,2.285314947,,,
6.182,2.575277895,,,
6.184,2.768586526,,,
6.186,2.849131789,,,
6.188,2.720259368,,,
6.190,2.655823158,,,
6.192,2.188660632,,,
6.194,2.011461053,,,
6.196,1.979242947,,,
6.198,2.075897263,,,
6.200,2.188660632,,,
6.202,2.526950737,,,
6.204,2.736368421,,,
6.206,2.816913684,,,
6.208,2.752477474,,,
6.210,2.559168842,,,
6.212,2.253096842,,,
6.214,2.027570105,,,
6.216,1.963133895,,,
6.218,2.043679158,,,
6.220,2.220878737,,,
6.222,2.623605053,,,
6.224,2.768586526,,,
6.226,2.816913684,,,
6.228,2.736368421,,,
6.230,2.575277895,,,
6.232,2.204769684,,,
6.234,2.075897263,,,
6.236,1.995352,,,
6.238,2.075897263,,,
6.240,2.236987789,,,
6.242,2.607496,,,
6.244,2.784695579,,,
6.246,2.849131789,,,
6.248,2.800804632,,,
6.250,2.591386947,,,
6.252,2.253096842,,,
6.254,2.075897263,,,
6.256,2.011461053,,,
6.258,2.140333474,,,
6.260,2.285314947,,,
6.262,2.655823158,,,
6.264,2.881349895,,,
6.266,2.881349895,,,
6.268,2.736368421,,,
6.270,2.559168842,,,
6.272,2.253096842,,,
6.274,2.075897263,,,
6.276,2.027570105,,,
6.278,2.172551579,,,
6.280,2.333642105,,,
6.282,2.736368421,,,
6.284,2.849131789,,,
6.286,2.913568,,,
6.288,2.784695579,,,
6.290,2.575277895,,,
6.292,2.236987789,,,
6.294,2.043679158,,,
6.296,1.995352,,,
6.298,2.204769684,,,
6.300,2.349751158,,,
6.302,2.720259368,,,
6.304,2.881349895,,,
6.306,2.913568,,,
6.308,2.800804632,,,
6.310,2.543059789,,,
6.312,2.220878737,,,
6.314,2.043679158,,,
6.316,2.059788211,,,
6.318,2.140333474,,,
6.320,2.398078316,,,
6.322,2.688041263,,,
6.324,2.865240842,,,
6.326,2.881349895,,,
6.328,2.704150316,,,
6.330,2.510841684,,,
6.332,2.204769684,,,
6.334,2.059788211,,,
6.336,2.075897263,,,
6.338,2.220878737,,,
6.340,2.398078316,,,
6.342,2.736368421,,,
6.344,2.865240842,,,
6.346,2.881349895,,,
6.348,2.720259368,,,
6.350,2.494732632,,,
6.352,2.172551579,,,
6.354,2.075897263,,,
6.356,1.995352,,,
6.358,2.172551579,,,
6.360,2.381969263,,,
6.362,2.704150316,,,
6.364,2.865240842,,,
6.366,2.816913684,,,
6.368,2.671932211,,,
6.370,2.478623579,,,
6.372,2.140333474,,,
6.374,1.995352,,,
6.376,1.979242947,,,
6.378,2.188660632,,,
6.380,2.446405474,,,
6.382,2.736368421,,,
6.384,2.784695579,,,
6.386,2.865240842,,,
6.388,2.704150316,,,
6.390,2.414187368,,,
6.392,2.075897263,,,
6.394,1.995352,,,
6.396,2.027570105,,,
6.398,2.188660632,,,
6.400,2.494732632,,,
6.402,2.736368421,,,
6.404,2.833022737,,,
6.406,2.800804632,,,
6.408,2.639714105,,,
6.410,2.414187368,,,
6.412,2.092006316,,,
6.414,1.979242947,,,
6.416,2.027570105,,,
6.418,2.220878737,,,
6.420,2.446405474,,,
6.422,2.720259368,,,
6.424,2.833022737,,,
6.426,2.816913684,,,
6.428,2.639714105,,,
6.430,2.317533053,,,
6.432,2.059788211,,,
6.434,2.027570105,,,
6.436,1.995352,,,
6.438,2.188660632,,,
6.440,2.510841684,,,
6.442,2.736368421,,,
6.444,2.849131789,,,
6.446,2.784695579,,,
6.448,2.671932211,,,
6.450,2.285314947,,,
6.452,2.059788211,,,
6.454,1.995352,,,
6.456,2.059788211,,,
6.458,2.220878737,,,
6.460,2.559168842,,,
6.462,2.768586526,,,
6.464,2.833022737,,,
6.466,2.768586526,,,
6.468,2.607496,,,
6.470,2.301424,,,
6.472,2.092006316,,,
6.474,1.995352,,,
6.476,1.979242947,,,
6.478,2.236987789,,,
6.480,2.543059789,,,
6.482,2.736368421,,,
6.484,2.865240842,,,
6.486,2.736368421,,,
6.488,2.591386947,,,
6.490,2.269205895,,,
6.492,2.075897263,,,
6.494,1.947024842,,,
6.496,2.059788211,,,
6.498,2.220878737,,,
6.500,2.575277895,,,
6.502,2.752477474,,,
6.504,2.865240842,,,
6.506,2.736368421,,,
6.508,2.575277895,,,
6.510,2.301424,,,
6.512,2.011461053,,,
6.514,1.947024842,,,
6.516,2.011461053,,,
6.518,2.220878737,,,
6.520,2.526950737,,,
6.522,2.736368421,,,
6.524,2.752477474,,,
6.526,2.704150316,,,
6.528,2.559168842,,,
6.530,2.204769684,,,
6.532,2.011461053,,,
6.534,1.995352,,,
6.536,2.043679158,,,
6.538,2.188660632,,,
6.540,2.591386947,,,
6.542,2.816913684,,,
6.544,2.913568,,,
6.546,2.849131789,,,
6.548,2.559168842,,,
6.550,2.220878737,,,
6.552,2.108115368,,,
6.554,1.979242947,,,
6.556,2.059788211,,,
6.558,2.253096842,,,
6.560,2.639714105,,,
6.562,2.865240842,,,
6.564,2.881349895,,,
6.566,2.865240842,,,
6.568,2.623605053,,,
6.570,2.285314947,,,
6.572,2.027570105,,,
6.574,2.059788211,,,
6.576,2.172551579,,,
6.578,2.398078316,,,
6.580,2.736368421,,,
6.582,2.881349895,,,
6.584,2.945786105,,,
6.586,2.800804632,,,
6.588,2.655823158,,,
6.590,2.285314947,,,
6.592,2.108115368,,,
6.594,2.075897263,,,
6.596,2.220878737,,,
6.598,2.446405474,,,
6.600,2.784695579,,,
6.602,2.929677053,,,
6.604,2.994113263,,,
6.606,2.833022737,,,
6.608,2.655823158,,,
6.610,2.349751158,,,
6.612,2.124224421,,,
6.614,2.140333474,,,
6.616,2.236987789,,,
6.618,2.462514526,,,
6.620,2.736368421,,,
6.622,2.929677053,,,
6.624,2.929677053,,,
6.626,2.784695579,,,
6.628,2.526950737,,,
6.630,2.220878737,,,
6.632,2.092006316,,,
6.634,2.043679158,,,
6.636,2.156442526,,,
6.638,2.398078316,,,
6.640,2.688041263,,,
6.642,2.833022737,,,
6.644,2.816913684,,,
6.646,2.704150316,,,
6.648,2.494732632,,,
6.650,2.092006316,,,
6.652,1.947024842,,,
6.654,2.011461053,,,
6.656,2.108115368,,,
6.658,2.398078316,,,
6.660,2.639714105,,,
6.662,2.736368421,,,
6.664,2.816913684,,,
6.666,2.639714105,,,
6.668,2.430296421,,,
6.670,2.188660632,,,
6.672,1.947024842,,,
6.674,1.947024842,,,
6.676,2.140333474,,,
6.678,2.349751158,,,
6.680,2.655823158,,,
6.682,2.833022737,,,
6.684,2.833022737,,,
6.686,2.720259368,,,
6.688,2.414187368,,,
6.690,2.075897263,,,
6.692,1.930915789,,,
6.694,1.930915789,,,
6.696,2.027570105,,,
6.698,2.236987789,,,
6.700,2.543059789,,,
6.702,2.671932211,,,
6.704,2.639714105,,,
6.706,2.591386947,,,
6.708,2.494732632,,,
6.710,2.381969263,,,
6.712,2.543059789,,,
6.714,2.865240842,,,
6.716,3.332403368,,,
6.718,3.880111158,,,
6.720,4.411709895,,,
6.722,4.75,,,
6.724,4.733890947,,,
6.726,4.411709895,,,
6.728,3.864002105,,,
6.730,3.139094737,,,
6.732,2.849131789,,,
6.734,2.736368421,,,
6.736,2.704150316,,,
6.738,2.688041263,,,
6.740,2.623605053,,,
6.742,2.365860211,,,
6.744,2.253096842,,,
6.746,2.059788211,,,
6.748,1.850370526,,,
6.750,1.673170947,,,
6.752,1.624843789,,,
6.754,1.673170947,,,
6.756,1.930915789,,,
6.758,2.285314947,,,
6.760,2.543059789,,,
6.762,2.736368421,,,
6.764,2.736368421,,,
6.766,2.639714105,,,
6.768,2.333642105,,,
6.770,2.059788211,,,
6.772,1.995352,,,
6.774,2.092006316,,,
6.776,2.269205895,,,
6.778,2.623605053,,,
6.780,2.816913684,,,
6.782,2.913568,,,
6.784,2.849131789,,,
6.786,2.704150316,,,
6.788,2.414187368,,,
6.790,2.124224421,,,
6.792,2.108115368,,,
6.794,2.204769684,,,
6.796,2.349751158,,,
6.798,2.671932211,,,
6.800,2.913568,,,
6.802,2.994113263,,,
6.804,2.897458947,,,
6.806,2.688041263,,,
6.808,2.381969263,,,
6.810,2.188660632,,,
6.812,2.108115368,,,
6.814,2.253096842,,,
6.816,2.398078316,,,
6.818,2.768586526,,,
6.820,2.929677053,,,
6.822,2.994113263,,,
6.824,2.961895158,,,
6.826,2.800804632,,,
6.828,2.414187368,,,
6.830,2.204769684,,,
6.832,2.140333474,,,
6.834,2.253096842,,,
6.836,2.381969263,,,
6.838,2.752477474,,,
6.840,2.945786105,,,
6.842,3.042440421,,,
6.844,2.913568,,,
6.846,2.784695579,,,
6.848,2.430296421,,,
6.850,2.253096842,,,
6.852,2.204769684,,,
6.854,2.333642105,,,
6.856,2.446405474,,,
6.858,2.865240842,,,
6.860,3.042440421,,,
6.862,3.074658526,,,
6.864,3.026331368,,,
6.866,2.833022737,,,
6.868,2.494732632,,,
6.870,2.381969263,,,
6.872,2.301424,,,
6.874,2.430296421,,,
6.876,2.559168842,,,
6.878,2.961895158,,,
6.880,3.122985684,,,
6.882,3.235749053,,,
6.884,3.090767579,,,
6.886,2.849131789,,,
6.888,2.575277895,,,
6.890,2.349751158,,,
6.892,2.317533053,,,
6.894,2.462514526,,,
6.896,2.655823158,,,
6.898,3.074658526,,,
6.900,3.267967158,,,
6.902,3.332403368,,,
6.904,3.155203789,,,
6.906,2.978004211,,,
6.908,2.655823158,,,
6.910,2.462514526,,,
6.912,2.478623579,,,
6.914,2.623605053,,,
6.916,2.833022737,,,
6.918,3.187421895,,,
6.920,3.364621474,,,
6.922,3.445166737,,,
6.924,3.284076211,,,
6.926,3.171312842,,,
6.928,2.752477474,,,
6.930,2.575277895,,,
6.932,2.607496,,,
6.934,2.800804632,,,
6.936,3.026331368,,,
6.938,3.396839579,,,
6.940,3.541821053,,,
6.942,3.557930105,,,
6.944,3.477384842,,,
6.946,3.203530947,,,
6.948,2.913568,,,
6.950,2.736368421,,,
6.952,2.752477474,,,
6.954,2.929677053,,,
6.956,3.187421895,,,
6.958,3.541821053,,,
6.960,3.702911579,,,
6.962,3.686802526,,,
6.964,3.525712,,,
6.966,3.316294316,,,
6.968,2.994113263,,,
6.970,2.897458947,,,
6.972,2.881349895,,,
6.974,3.026331368,,,
6.976,3.235749053,,,
6.978,3.606257263,,,
6.980,3.670693474,,,
6.982,3.670693474,,,
6.984,3.477384842,,,
6.986,3.251858105,,,
6.988,2.913568,,,
6.990,2.768586526,,,
6.992,2.784695579,,,
6.994,2.881349895,,,
6.996,3.155203789,,,
6.998,3.396839579,,,
7.000,3.493493895,,,
7.002,3.380730526,,,
7.004,3.21964,,,
7.006,2.961895158,,,
7.008,2.639714105,,,
7.010,2.446405474,,,
7.012,2.430296421,,,
7.014,2.591386947,,,
7.016,2.816913684,,,
7.018,3.106876632,,,
7.020,3.187421895,,,
7.022,3.106876632,,,
7.024,2.897458947,,,
7.026,2.639714105,,,
7.028,2.317533053,,,
7.030,2.188660632,,,
7.032,2.220878737,,,
7.034,2.349751158,,,
7.036,2.671932211,,,
7.038,2.945786105,,,
7.040,3.026331368,,,
7.042,2.929677053,,,
7.044,2.849131789,,,
7.046,2.526950737,,,
7.048,2.236987789,,,
7.050,2.075897263,,,
7.052,2.108115368,,,
7.054,2.301424,,,
7.056,2.575277895,,,
7.058,2.865240842,,,
7.060,2.978004211,,,
7.062,2.913568,,,
7.064,2.752477474,,,
7.066,2.381969263,,,
7.068,2.108115368,,,
7.070,2.059788211,,,
7.072,2.140333474,,,
7.074,2.301424,,,
7.076,2.607496,,,
7.078,2.849131789,,,
7.080,2.929677053,,,
7.082,2.865240842,,,
7.084,2.688041263,,,
7.086,2.365860211,,,
7.088,2.140333474,,,
7.090,2.027570105,,,
7.092,2.140333474,,,
7.094,2.269205895,,,
7.096,2.591386947,,,
7.098,2.833022737,,,
7.100,2.913568,,,
7.102,2.833022737,,,
7.104,2.688041263,,,
7.106,2.365860211,,,
7.108,2.140333474,,,
7.110,2.011461053,,,
7.112,2.124224421,,,
7.114,2.317533053,,,
7.116,2.704150316,,,
7.118,2.865240842,,,
7.120,2.978004211,,,
7.122,2.833022737,,,
7.124,2.704150316,,,
7.126,2.333642105,,,
7.128,2.140333474,,,
7.130,2.075897263,,,
7.132,2.156442526,,,
7.134,2.317533053,,,
7.136,2.655823158,,,
7.138,2.849131789,,,
7.140,2.913568,,,
7.142,2.897458947,,,
7.144,2.655823158,,,
7.146,2.365860211,,,
7.148,2.172551579,,,
7.150,2.059788211,,,
7.152,2.188660632,,,
7.154,2.349751158,,,
7.156,2.688041263,,,
7.158,2.897458947,,,
7.160,2.961895158,,,
7.162,2.849131789,,,
7.164,2.671932211,,,
7.166,2.317533053,,,
7.168,2.092006316,,,
7.170,2.092006316,,,
7.172,2.156442526,,,
7.174,2.381969263,,,
7.176,2.736368421,,,
7.178,2.913568,,,
7.180,2.961895158,,,
7.182,2.881349895,,,
7.184,2.655823158,,,
7.186,2.301424,,,
7.188,2.075897263,,,
7.190,2.043679158,,,
7.192,2.188660632,,,
7.194,2.430296421,,,
7.196,2.768586526,,,
7.198,2.913568,,,
7.200,2.945786105,,,
7.202,2.768586526,,,
7.204,2.623605053,,,
7.206,2.253096842,,,
7.208,2.059788211,,,
7.210,2.043679158,,,
7.212,2.188660632,,,
7.214,2.414187368,,,
7.216,2.752477474,,,
7.218,2.929677053,,,
7.220,2.945786105,,,
7.222,2.833022737,,,
7.224,2.575277895,,,
7.226,2.220878737,,,
7.228,2.043679158,,,
7.230,2.043679158,,,
7.232,2.172551579,,,
7.234,2.398078316,,,
7.236,2.736368421,,,
7.238,2.865240842,,,
7.240,2.865240842,,,
7.242,2.752477474,,,
7.244,2.543059789,,,
7.246,2.172551579,,,
7.248,2.059788211,,,
7.250,2.043679158,,,
7.252,2.204769684,,,
7.254,2.430296421,,,
7.256,2.768586526,,,
7.258,2.897458947,,,
7.260,2.865240842,,,
7.262,2.752477474,,,
7.264,2.543059789,,,
7.266,2.156442526,,,
7.268,2.027570105,,,
7.270,2.043679158,,,
7.272,2.156442526,,,
7.274,2.430296421,,,
7.276,2.688041263,,,
7.278,2.865240842,,,
7.280,2.833022737,,,
7.282,2.720259368,,,
7.284,2.478623579,,,
7.286,2.188660632,,,
7.288,2.027570105,,,
7.290,2.011461053,,,
7.292,2.156442526,,,
7.294,2.414187368,,,
7.296,2.720259368,,,
7.298,2.865240842,,,
7.300,2.833022737,,,
7.302,2.671932211,,,
7.304,2.365860211,,,
7.306,2.124224421,,,
7.308,2.043679158,,,
7.310,2.027570105,,,
7.312,2.188660632,,,
7.314,2.414187368,,,
7.316,2.688041263,,,
7.318,2.881349895,,,
7.320,2.849131789,,,
7.322,2.671932211,,,
7.324,2.430296421,,,
7.326,2.140333474,,,
7.328,2.011461053,,,
7.330,2.059788211,,,
7.332,2.220878737,,,
7.334,2.510841684,,,
7.336,2.736368421,,,
7.338,2.833022737,,,
7.340,2.800804632,,,
7.342,2.671932211,,,
7.344,2.430296421,,,
7.346,2.124224421,,,
7.348,1.995352,,,
7.350,2.043679158,,,
7.352,2.236987789,,,
7.354,2.526950737,,,
7.356,2.768586526,,,
7.358,2.849131789,,,
7.360,2.816913684,,,
7.362,2.688041263,,,
7.364,2.349751158,,,
7.366,2.075897263,,,
7.368,2.011461053,,,
7.370,2.075897263,,,
7.372,2.204769684,,,
7.374,2.494732632,,,
7.376,2.784695579,,,
7.378,2.881349895,,,
7.380,2.816913684,,,
7.382,2.639714105,,,
7.384,2.365860211,,,
7.386,2.075897263,,,
7.388,2.043679158,,,
7.390,2.092006316,,,
7.392,2.253096842,,,
7.394,2.575277895,,,
7.396,2.800804632,,,
7.398,2.881349895,,,
7.400,2.784695579,,,
7.402,2.671932211,,,
7.404,2.317533053,,,
7.406,2.059788211,,,
7.408,2.011461053,,,
7.410,2.108115368,,,
7.412,2.236987789,,,
7.414,2.543059789,,,
7.416,2.849131789,,,
7.418,2.849131789,,,
7.420,2.720259368,,,
7.422,2.639714105,,,
7.424,2.285314947,,,
7.426,2.108115368,,,
7.428,2.027570105,,,
7.430,2.092006316,,,
7.432,2.269205895,,,
7.434,2.607496,,,
7.436,2.865240842,,,
7.438,2.913568,,,
7.440,2.736368421,,,
7.442,2.623605053,,,
7.444,2.301424,,,
7.446,2.092006316,,,
7.448,1.995352,,,
7.450,2.124224421,,,
7.452,2.317533053,,,
7.454,2.704150316,,,
7.456,2.865240842,,,
7.458,2.897458947,,,
7.460,2.816913684,,,
7.462,2.623605053,,,
7.464,2.301424,,,
7.466,2.108115368,,,
7.468,2.027570105,,,
7.470,2.204769684,,,
7.472,2.317533053,,,
7.474,2.704150316,,,
7.476,2.881349895,,,
7.478,2.881349895,,,
7.480,2.752477474,,,
7.482,2.607496,,,
7.484,2.269205895,,,
7.486,2.108115368,,,
7.488,2.043679158,,,
7.490,2.156442526,,,
7.492,2.365860211,,,
7.494,2.688041263,,,
7.496,2.897458947,,,
7.498,3.010222316,,,
7.500,2.833022737,,,
7.502,2.655823158,,,
7.504,2.333642105,,,
7.506,2.188660632,,,
7.508,2.156442526,,,
7.510,2.317533053,,,
7.512,2.430296421,,,
7.514,2.833022737,,,
7.516,3.026331368,,,
7.518,2.994113263,,,
7.520,2.881349895,,,
7.522,2.688041263,,,
7.524,2.398078316,,,
7.526,2.253096842,,,
7.528,2.204769684,,,
7.530,2.333642105,,,
7.532,2.543059789,,,
7.534,2.929677053,,,
7.536,2.994113263,,,
7.538,3.042440421,,,
7.540,2.897458947,,,
7.542,2.704150316,,,
7.544,2.349751158,,,
7.546,2.124224421,,,
7.548,2.108115368,,,
7.550,2.285314947,,,
7.552,2.494732632,,,
7.554,2.736368421,,,
7.556,2.961895158,,,
7.558,2.961895158,,,
7.560,2.768586526,,,
7.562,2.510841684,,,
7.564,2.236987789,,,
7.566,2.108115368,,,
7.568,2.027570105,,,
7.570,2.188660632,,,
7.572,2.414187368,,,
7.574,2.720259368,,,
7.576,2.897458947,,,
7.578,2.897458947,,,
7.580,2.736368421,,,
7.582,2.510841684,,,
7.584,2.140333474,,,
7.586,2.011461053,,,
7.588,2.027570105,,,
7.590,2.204769684,,,
7.592,2.414187368,,,
7.594,2.800804632,,,
7.596,2.849131789,,,
7.598,2.865240842,,,
7.600,2.688041263,,,
7.602,2.430296421,,,
7.604,2.140333474,,,
7.606,2.027570105,,,
7.608,2.043679158,,,
7.610,2.220878737,,,
7.612,2.398078316,,,
7.614,2.752477474,,,
7.616,2.865240842,,,
7.618,2.881349895,,,
7.620,2.591386947,,,
7.622,2.317533053,,,
7.624,2.027570105,,,
7.626,1.850370526,,,
7.628,1.898697684,,,
7.630,2.059788211,,,
7.632,2.285314947,,,
7.634,2.591386947,,,
7.636,2.849131789,,,
7.638,3.026331368,,,
7.640,3.074658526,,,
7.642,3.090767579,,,
7.644,3.074658526,,,
7.646,3.251858105,,,
7.648,3.590148211,,,
7.650,4.025092632,,,
7.652,4.443928,,,
7.654,4.701672842,,,
7.656,4.588909474,,,
7.658,4.153965053,,,
7.660,3.670693474,,,
7.662,3.300185263,,,
7.664,2.833022737,,,
7.666,2.462514526,,,
7.668,2.204769684,,,
7.670,1.947024842,,,
7.672,2.043679158,,,
7.674,2.269205895,,,
7.676,2.446405474,,,
7.678,2.462514526,,,
7.680,2.301424,,,
7.682,2.011461053,,,
7.684,1.802043368,,,
7.686,1.753716211,,,
7.688,1.898697684,,,
7.690,2.140333474,,,
7.692,2.478623579,,,
7.694,2.800804632,,,
7.696,2.897458947,,,
7.698,2.833022737,,,
7.700,2.720259368,,,
7.702,2.414187368,,,
7.704,2.188660632,,,
7.706,2.092006316,,,
7.708,2.204769684,,,
7.710,2.365860211,,,
7.712,2.736368421,,,
7.714,2.929677053,,,
7.716,3.042440421,,,
7.718,2.929677053,,,
7.720,2.752477474,,,
7.722,2.414187368,,,
7.724,2.204769684,,,
7.726,2.156442526,,,
7.728,2.204769684,,,
7.730,2.398078316,,,
7.732,2.752477474,,,
7.734,2.945786105,,,
7.736,3.074658526,,,
7.738,2.913568,,,
7.740,2.752477474,,,
7.742,2.430296421,,,
7.744,2.236987789,,,
7.746,2.172551579,,,
7.748,2.236987789,,,
7.750,2.414187368,,,
7.752,2.816913684,,,
7.754,2.978004211,,,
7.756,3.074658526,,,
7.758,2.994113263,,,
7.760,2.849131789,,,
7.762,2.478623579,,,
7.764,2.269205895,,,
7.766,2.188660632,,,
7.768,2.317533053,,,
7.770,2.526950737,,,
7.772,2.881349895,,,
7.774,3.106876632,,,
7.776,3.155203789,,,
7.778,3.058549474,,,
7.780,2.816913684,,,
7.782,2.478623579,,,
7.784,2.414187368,,,
7.786,2.236987789,,,
7.788,2.365860211,,,
7.790,2.543059789,,,
7.792,2.929677053,,,
7.794,3.090767579,,,
7.796,3.203530947,,,
7.798,3.106876632,,,
7.800,2.913568,,,
7.802,2.575277895,,,
7.804,2.365860211,,,
7.806,2.349751158,,,
7.808,2.494732632,,,
7.810,2.671932211,,,
7.812,3.042440421,,,
7.814,3.235749053,,,
7.816,3.251858105,,,
7.818,3.139094737,,,
7.820,2.961895158,,,
7.822,2.607496,,,
7.824,2.414187368,,,
7.826,2.398078316,,,
7.828,2.559168842,,,
7.830,2.768586526,,,
7.832,3.139094737,,,
7.834,3.300185263,,,
7.836,3.348512421,,,
7.838,3.251858105,,,
7.840,3.026331368,,,
7.842,2.639714105,,,
7.844,2.543059789,,,
7.846,2.591386947,,,
7.848,2.655823158,,,
7.850,2.913568,,,
7.852,3.300185263,,,
7.854,3.445166737,,,
7.856,3.477384842,,,
7.858,3.300185263,,,
7.860,3.155203789,,,
7.862,2.849131789,,,
7.864,2.704150316,,,
7.866,2.688041263,,,
7.868,2.897458947,,,
7.870,3.155203789,,,
7.872,3.493493895,,,
7.874,3.622366316,,,
7.876,3.654584421,,,
7.878,3.493493895,,,
7.880,3.284076211,,,
7.882,2.994113263,,,
7.884,2.881349895,,,
7.886,2.913568,,,
7.888,3.010222316,,,
7.890,3.332403368,,,
7.892,3.574039158,,,
7.894,3.751238737,,,
7.896,3.751238737,,,
7.898,3.590148211,,,
7.900,3.380730526,,,
7.902,3.058549474,,,
7.904,2.945786105,,,
7.906,2.865240842,,,
7.908,3.058549474,,,
7.910,3.284076211,,,
7.912,3.606257263,,,
7.914,3.702911579,,,
7.916,3.670693474,,,
7.918,3.477384842,,,
7.920,3.267967158,,,
7.922,2.897458947,,,
7.924,2.784695579,,,
7.926,2.768586526,,,
7.928,2.945786105,,,
7.930,3.171312842,,,
7.932,3.396839579,,,
7.934,3.509602947,,,
7.936,3.461275789,,,
7.938,3.235749053,,,
7.940,2.978004211,,,
7.942,2.623605053,,,
7.944,2.510841684,,,
7.946,2.494732632,,,
7.948,2.607496,,,
7.950,2.881349895,,,
7.952,3.139094737,,,
7.954,3.235749053,,,
7.956,3.155203789,,,
7.958,2.929677053,,,
7.960,2.607496,,,
7.962,2.333642105,,,
7.964,2.220878737,,,
7.966,2.269205895,,,
7.968,2.398078316,,,
7.970,2.736368421,,,
7.972,2.961895158,,,
7.974,2.961895158,,,
7.976,2.945786105,,,
7.978,2.768586526,,,
7.980,2.462514526,,,
7.982,2.220878737,,,
7.984,2.156442526,,,
7.986,2.220878737,,,
7.988,2.365860211,,,
7.990,2.671932211,,,
7.992,2.881349895,,,
7.994,2.978004211,,,
7.996,2.929677053,,,
7.998,2.736368421,,,
8.000,2.462514526,,,